index,source,label,score
0,human,0,-3.807650005317597
1,human,0,-0.5394354271161717
2,human,0,-0.08261432904951777
3,human,0,-3.5830192733369977
4,human,0,-4.057642752510008
5,human,0,-2.3463879590855243
6,human,0,1.181882826567273
7,human,0,-4.2113730837601295
8,human,0,-4.378240754753381
9,human,0,-2.2050191057842645
10,human,0,-2.5928515418354063
11,human,0,-2.1476256932008018
12,human,0,-1.1437784735190204
13,human,0,-4.049124206318215
14,human,0,-4.411552960073199
15,human,0,-5.120356463628986
16,human,0,-4.417253153685878
17,human,0,-1.6564151788619161
18,human,0,-5.5500999271369365
19,human,0,-0.8182077863161002
20,human,0,-2.9220932886547697
21,human,0,-6.302722266624358
22,human,0,-3.9326023721367163
23,human,0,-4.968298015564899
24,human,0,-3.222033703154761
25,human,0,-0.0590198747064494
26,human,0,0.5446133235305336
27,human,0,-2.8672934530170453
28,human,0,-3.350510295406446
29,human,0,-3.5095606177516108
30,human,0,-6.2601267005334265
31,human,0,-4.281745136547101
32,human,0,1.8191210952247931
33,human,0,0.3296078821270927
34,human,0,-3.444326782299745
35,human,0,-0.9890150527807382
36,human,0,-5.553932559365342
37,human,0,-1.9168047344786743
38,human,0,-2.003363150167164
39,human,0,-1.7778833844078012
40,human,0,-1.5886414187596638
41,human,0,-2.8255182513380808
42,human,0,-1.6641141216291673
43,human,0,-4.471687619902501
44,human,0,-4.871265536930555
45,human,0,-3.899877308960697
46,human,0,-7.987270695691146
47,human,0,-2.9551356494653254
48,human,0,-3.7067059013268384
49,human,0,-5.42096799640765
50,human,0,-3.580368371971233
51,human,0,-2.6960686892270673
52,human,0,-6.512478209398697
53,human,0,-5.9509894516835855
54,human,0,-6.556563743549735
55,human,0,-4.376177149779501
56,human,0,-2.4596927327121056
57,human,0,-4.021855449274828
58,human,0,-2.3289144196305793
59,human,0,-3.2108472979096887
60,human,0,-3.8515577206754146
61,human,0,-1.4949129799458014
62,human,0,0.626951138400681
63,human,0,0.9956249078136317
64,human,0,-1.9215583433006702
65,human,0,-1.3155954125618152
66,human,0,-2.3269089630042257
67,human,0,-4.263622516539018
68,human,0,-5.498560493415142
69,human,0,-5.141410341657769
70,human,0,-6.72463985060411
71,human,0,-1.8746885509423563
72,human,0,-2.828503706911881
73,human,0,-2.1779696171226908
74,human,0,-8.29654447904946
75,human,0,-6.537010519055319
76,human,0,-4.996861596732789
77,human,0,-0.35676160335386087
78,human,0,-5.265750147201067
79,human,0,-0.8304336203103067
80,human,0,-3.198432582248854
81,human,0,-7.396458628738613
82,human,0,-2.000532931723305
83,human,0,-3.9203455143173684
84,human,0,-5.781979810151462
85,human,0,-2.056605071913869
86,human,0,-2.2796505653101584
87,human,0,-8.115332837086163
88,human,0,-5.388759543499514
89,human,0,-0.45239390144187397
90,human,0,-6.328258724537369
91,human,0,-0.9989109845060249
92,human,0,-4.001669488227598
93,human,0,-3.4673192219674847
94,human,0,-6.761067032371622
95,human,0,-5.4093999492303615
96,human,0,-4.170336105388129
97,human,0,-2.5215557349539868
98,human,0,-3.009662316006566
99,human,0,-4.6175816702011545
100,human,0,0.9503418385883262
101,human,0,-2.443832003304221
102,human,0,-2.7050734604581663
103,human,0,-2.101076851538121
104,human,0,-0.4548375267296483
105,human,0,-7.0138743795264995
106,human,0,0.8616527067922799
107,human,0,-3.1547022304915084
108,human,0,-2.5408503221836196
109,human,0,-1.5941400077660246
110,human,0,-1.6904414163141792
111,human,0,-5.11164322001946
112,human,0,-2.974734253898988
113,human,0,-2.5068237083348133
114,human,0,-5.439619541425819
115,human,0,-2.6663441792892324
116,human,0,-1.761381339198148
117,human,0,-3.821652089234976
118,human,0,-0.9426382953014997
119,human,0,-6.779579509525926
120,human,0,-3.0482637220792865
121,human,0,-2.4487994108228373
122,human,0,-5.803934333440615
123,human,0,-3.0324165491241017
124,human,0,-4.587952406496985
125,human,0,-5.962264899249234
126,human,0,-3.778019186946673
127,human,0,-4.784462799282886
128,human,0,-5.738951321137002
129,human,0,-6.454602219985889
130,human,0,-2.3268475457965305
131,human,0,-1.7155203610857894
132,human,0,-4.624885304686517
133,human,0,-6.176033659235574
134,human,0,-1.9148668018133537
135,human,0,-4.35541098199632
136,human,0,-5.359099680234429
137,human,0,-0.021239875243641224
138,human,0,-5.8946808717578
139,human,0,-2.0774792484937654
140,human,0,-5.073841786800607
141,human,0,-6.709027240687574
142,human,0,-8.825841235754014
143,human,0,-3.7697599039614613
144,human,0,-6.126697569087618
145,human,0,-1.4281695605940594
146,human,0,-2.8828483211674985
147,human,0,-5.030626025428336
148,human,0,-2.3488617796416618
149,human,0,-4.657577379174296
150,human,0,-2.1195791394623553
151,human,0,-3.795276198546042
152,human,0,-3.6905076785768527
153,human,0,-1.5981071186864675
154,human,0,-3.6917789569244177
155,human,0,-1.8242029560477846
156,human,0,-1.526042649107448
157,human,0,-4.0714093864566365
158,human,0,-0.7599257755960438
159,human,0,-2.5988372753262725
160,human,0,-5.077349392290461
161,human,0,-3.213309874544982
162,human,0,-3.5717170982226567
163,human,0,-3.1281704670971404
164,human,0,-3.9484015957185448
165,human,0,0.5714837930160784
166,human,0,-1.6203333457530826
167,human,0,-4.685847168915403
168,human,0,-4.519308638144579
169,human,0,-4.257277610306463
170,human,0,-6.241815875249844
171,human,0,-2.403844647613332
172,human,0,-4.30558203074721
173,human,0,-1.8656234910132925
174,human,0,-1.4456234244265715
175,human,0,-5.901104340165357
176,human,0,-0.1441357726961798
177,human,0,-4.104614975196325
178,human,0,-0.9369783474776281
179,human,0,-0.05561911489216876
180,human,0,-6.205090545476838
181,human,0,-7.140792320869158
182,human,0,-5.429175262642881
183,human,0,-3.443923288778099
184,human,0,-1.4006394700226317
185,human,0,-1.3064561659282938
186,human,0,-3.7659398156352983
187,human,0,-2.9015545549179547
188,human,0,-4.525229987989952
189,human,0,-6.731333317705709
190,human,0,-6.081742818051206
191,human,0,-6.499189386425865
192,human,0,-5.635843410903195
193,human,0,-3.8626399156999645
194,human,0,-0.12235305004114874
195,human,0,-1.2685224978498422
196,human,0,-2.969231763397781
197,human,0,-3.6117830299112343
198,human,0,-4.168936780839163
199,human,0,-3.3336983781186182
200,human,0,-3.797522830923558
201,human,0,-4.426088343164703
202,human,0,-3.731470319577746
203,human,0,-7.582657745987777
204,human,0,-2.068561331793371
205,human,0,-4.188978802858033
206,human,0,-6.092878372659421
207,human,0,-2.415534872288079
208,human,0,-2.903385913799615
209,human,0,-7.329325724766021
210,human,0,-1.1792929898543585
211,human,0,-1.4289520272274003
212,human,0,-1.1909620609745668
213,human,0,-0.1149839576171635
214,human,0,0.8817766999741753
215,human,0,-4.266225071178827
216,human,0,-4.419943356871329
217,human,0,-1.1945876398372584
218,human,0,-2.989289556010253
219,human,0,-8.002815654095825
220,human,0,-5.0969559391491455
221,human,0,-2.702013027067645
222,human,0,-2.241653235748613
223,human,0,-6.658957080997085
224,human,0,-4.925497820585034
225,human,0,1.2786839168360962
226,human,0,-4.511738065477825
227,human,0,-1.5377849818989024
228,human,0,-3.1135436107498817
229,human,0,-6.097714690915565
230,human,0,-2.056709811833618
231,human,0,-3.0947016777328855
232,human,0,-3.4623612861115216
233,human,0,-2.1729325614989774
234,human,0,-5.03858864719561
235,human,0,-4.062607334558072
236,human,0,0.9349085874321641
237,human,0,-3.936091074718014
238,human,0,-0.3652996811437482
239,human,0,-3.9856322860204196
240,human,0,-6.998708669135517
241,human,0,-3.2300026083509428
242,human,0,-6.736567452977
243,human,0,1.5582360251136458
244,human,0,-0.41807517179944576
245,human,0,-5.5902199452965
246,human,0,-7.011130667990233
247,human,0,0.4246749356979408
248,human,0,-4.649692907043273
249,human,0,-4.7477366338843785
250,human,0,-3.5438745129469016
251,human,0,-0.667542319857508
252,human,0,-4.161738622022887
253,human,0,-2.858463843700382
254,human,0,-1.8186787367864303
255,human,0,-5.5811959983625545
256,human,0,-2.7064006149962285
257,human,0,-3.5351186950571445
258,human,0,-7.402368813097888
259,human,0,-2.3845768283864155
260,human,0,-1.4610808468795475
261,human,0,-6.410618245523554
262,human,0,-3.950363870522031
263,human,0,-6.578133099047132
264,human,0,-1.6375897343166719
265,human,0,-2.404467235511868
266,human,0,-1.7017268175620972
267,human,0,-5.326785017634862
268,human,0,-3.2326388090674345
269,human,0,-3.3582739918855564
270,human,0,-2.803416950091872
271,human,0,-3.591396674016866
272,human,0,-4.963582759933689
273,human,0,-5.31152159233114
274,human,0,-2.0706665942995435
275,human,0,-2.750125908723073
276,human,0,-0.5732683238867152
277,human,0,-4.537193454312915
278,human,0,-0.6186540684916836
279,human,0,-3.083229945422444
280,human,0,-3.9740592127847623
281,human,0,-4.32478260421032
282,human,0,-6.729413278534388
283,human,0,-0.7192900489119984
284,human,0,-5.667598470125174
285,human,0,-5.231692494282808
286,human,0,-2.8197712806824353
287,human,0,-4.290529659365754
288,human,0,-5.2179496990508865
289,human,0,-0.40390064160909955
290,human,0,-1.5011297845040172
291,human,0,-2.999596323340772
292,human,0,-1.6595286308948753
293,human,0,-2.1050564473616697
294,human,0,-7.738882187681179
295,human,0,-6.67499463418433
296,human,0,-1.3261898070429035
297,human,0,1.7983213895139702
298,human,0,-1.9775106111231466
299,human,0,-4.286015212019264
300,human,0,-3.6691143302544003
301,human,0,-2.5862636111111437
302,human,0,-4.99399377422637
303,human,0,-3.124680302381653
304,human,0,-0.524217137744443
305,human,0,-0.33889549716962053
306,human,0,-0.4225807073545772
307,human,0,-5.086662116596384
308,human,0,-2.516784692399923
309,human,0,-2.753243352633669
310,human,0,-2.754363868412114
311,human,0,-5.949516661481513
312,human,0,-2.701761560781212
313,human,0,-5.256425321387091
314,human,0,-3.267260771897149
315,human,0,-0.4530588834953838
316,human,0,0.5504574116867753
317,human,0,-6.767962752607578
318,human,0,-1.3890624315040419
319,human,0,-4.20659013871622
320,human,0,-5.179638607981531
321,human,0,-4.254181286311358
322,human,0,-4.441853466174962
323,human,0,-5.175395912956685
324,human,0,-4.7702070789516995
325,human,0,-2.0271429837511605
326,human,0,-3.648272937707301
327,human,0,-3.951427340726582
328,human,0,2.3420216244122303
329,human,0,-0.32468425261218903
330,human,0,-4.2804629571696875
331,human,0,-1.1071021816761328
332,human,0,-5.134398055316027
333,human,0,-5.103884815097113
334,human,0,-7.796266170230316
335,human,0,1.7668620378840287
336,human,0,0.8851568466517208
337,human,0,-6.101547676443705
338,human,0,-3.817819233250436
339,human,0,-4.526888828125239
340,human,0,-10.6167292873636
341,human,0,-2.5169981019126344
342,human,0,-6.691733173115038
343,human,0,-6.622988035836097
344,human,0,-2.8940160186691712
345,human,0,-7.0047200527453795
346,human,0,-3.0295839383539165
347,human,0,-5.218872138900603
348,human,0,-7.1563198521585445
349,human,0,-4.874357171328803
350,human,0,-4.284241844982106
351,human,0,-4.719994997429937
352,human,0,0.8630294666080905
353,human,0,-3.5240346729806804
354,human,0,-3.976299789359051
355,human,0,-1.8824559394777094
356,human,0,-4.671286385219942
357,human,0,-7.5194316442826725
358,human,0,-6.223318508133561
359,human,0,-4.779688029734219
360,human,0,-2.827241940096492
361,human,0,2.245756286074283
362,human,0,-3.1390063848370704
363,human,0,-2.783208720387547
364,human,0,-0.16852310703172807
365,human,0,-5.208555662691829
366,human,0,-5.881367243087616
367,human,0,-5.153543354643459
368,human,0,-2.2917134189691257
369,human,0,-3.4521854482903267
370,human,0,-3.1916401656528537
371,human,0,-5.337193930365687
372,human,0,-5.248072897337691
373,human,0,-5.728421473905924
374,human,0,-3.640035199084599
375,human,0,-3.0503389648927155
376,human,0,2.72450818526517
377,human,0,-6.273329913973678
378,human,0,-3.3180162134714943
379,human,0,-4.275175464842486
380,human,0,0.7508129593684657
381,human,0,-0.22533973752624226
382,human,0,-3.7951721496651123
383,human,0,-6.305646685674253
384,human,0,-4.850638354185456
385,human,0,-3.6319045795297455
386,human,0,-4.111833163530641
387,human,0,1.5975264676423362
388,human,0,-1.8722765930297576
389,human,0,-4.743705131421646
390,human,0,-4.939980447317537
391,human,0,-6.205451284150304
392,human,0,-0.7475957074864593
393,human,0,-2.232622010764439
394,human,0,-3.0299302623908657
395,human,0,-0.64393621244605
396,human,0,-5.838784644091439
397,human,0,-5.666855394544522
398,human,0,-0.8892864655851479
399,human,0,-1.0561544195982016
400,human,0,-3.0761592977888403
401,human,0,-0.6014543623625924
402,human,0,-2.2658095346435916
403,human,0,1.3574606845557533
404,human,0,-2.2152010454538784
405,human,0,-4.808778280773805
406,human,0,-0.9947924779494319
407,human,0,-2.9413547043735107
408,human,0,-1.792877052662199
409,human,0,-7.617209345635233
410,human,0,-5.415969950700325
411,human,0,-6.216990572701727
412,human,0,-2.215582852364139
413,human,0,-4.968672058873931
414,human,0,-3.565789734469179
415,human,0,-4.921921525605549
416,human,0,-4.308226770162857
417,human,0,-6.444322340125341
418,human,0,-5.914398902754685
419,human,0,-3.84800252250839
420,human,0,-7.152052722618883
421,human,0,-3.0780382760464615
422,gemma,1,2.906703752306408
423,gemma,1,3.2008268585329804
424,gemma,1,3.2463832631988505
425,gemma,1,2.6647099046892
426,gemma,1,0.05926335666496019
427,gemma,1,5.814032728235442
428,gemma,1,4.425124919102832
429,gemma,1,4.616891992439012
430,gemma,1,4.9859267322082195
431,gemma,1,5.274567691217044
432,gemma,1,5.478894929457405
433,gemma,1,1.6738022539004618
434,gemma,1,9.544886618924064
435,gemma,1,8.886597910099104
436,gemma,1,1.9776203697553345
437,gemma,1,9.997584257799296
438,gemma,1,5.266093853172863
439,gemma,1,4.732448990944793
440,gemma,1,0.8469163624094739
441,gemma,1,2.591175350888365
442,gemma,1,7.005084414784771
443,gemma,1,4.069248144295802
444,gemma,1,0.00926324914427376
445,gemma,1,3.867715468247935
446,gemma,1,3.3323922349795576
447,gemma,1,5.159208523665854
448,gemma,1,4.210641392252908
449,gemma,1,8.078191360876797
450,gemma,1,4.532050595447735
451,gemma,1,3.8712813920817766
452,gemma,1,3.1247516247386993
453,gemma,1,4.6249835082023685
454,gemma,1,2.9846378691011854
455,gemma,1,2.8698294753932805
456,gemma,1,1.5851952208495528
457,gemma,1,6.138546509131705
458,gemma,1,3.0605920600991543
459,gemma,1,5.97202042853076
460,gemma,1,4.943552969270887
461,gemma,1,3.3933426315455417
462,gemma,1,4.058191838667846
463,gemma,1,2.7675670923825253
464,gemma,1,4.050663586848269
465,gemma,1,6.069949581260695
466,gemma,1,4.614856314360044
467,gemma,1,4.214603262463372
468,gemma,1,7.58129519101025
469,gemma,1,4.703166725377151
470,gemma,1,3.20179998228334
471,gemma,1,8.140610039179
472,gemma,1,5.020005883680036
473,gemma,1,4.394706749618336
474,gemma,1,4.483642642451193
475,gemma,1,1.4864708478538617
476,gemma,1,6.301491834799068
477,gemma,1,5.086034932218427
478,gemma,1,1.6665319478592575
479,gemma,1,6.403502804129656
480,gemma,1,1.699465788967656
481,gemma,1,4.026932288064865
482,gemma,1,4.084834000912589
483,gemma,1,1.2084702872582171
484,gemma,1,1.954870234693426
485,gemma,1,7.204839109082981
486,gemma,1,5.4077104996362815
487,gemma,1,4.364037162925036
488,gemma,1,1.8671263192442826
489,gemma,1,4.452688445116224
490,gemma,1,4.2301484170828925
491,gemma,1,3.306025298956762
492,gemma,1,2.6081151042080375
493,gemma,1,1.1632541099348757
494,gemma,1,4.736362061699373
495,gemma,1,3.6523899570688987
496,gemma,1,2.3234888645953156
497,gemma,1,2.9056223206922986
498,gemma,1,1.3781442636021128
499,gemma,1,7.187300974258836
500,gemma,1,4.550712991809863
501,gemma,1,4.987185026449316
502,gemma,1,1.8064471005601375
503,gemma,1,4.8073892036076415
504,gemma,1,1.3937878045436047
505,gemma,1,3.550859744043348
506,gemma,1,6.841589957313548
507,gemma,1,4.7964848843332275
508,gemma,1,3.3944452499228603
509,gemma,1,5.100438900025119
510,gemma,1,3.1332301850126214
511,gemma,1,3.8352645234737133
512,gemma,1,5.059430638852723
513,gemma,1,0.8678240019702229
514,gemma,1,5.669792314630384
515,gemma,1,5.6723254947049275
516,gemma,1,4.891456468925454
517,gemma,1,6.97120654870292
518,gemma,1,4.068528436564206
519,gemma,1,2.148538097778896
520,gemma,1,4.722343137805549
521,gemma,1,4.638087262354845
522,gemma,1,4.3232906785900305
523,gemma,1,3.6335031731012966
524,gemma,1,4.5610178432798945
525,gemma,1,2.212822232701804
526,gemma,1,4.500753061626494
527,gemma,1,5.124745776150912
528,gemma,1,6.145494916265053
529,gemma,1,5.206096866781805
530,gemma,1,3.1961021071982496
531,gemma,1,8.1346974083434
532,gemma,1,6.00477450877862
533,gemma,1,7.498485986414695
534,gemma,1,5.323677809195906
535,gemma,1,3.4371167615483484
536,gemma,1,5.000921841532337
537,gemma,1,3.078476164012473
538,gemma,1,3.995702897020191
539,gemma,1,4.2072158642199975
540,gemma,1,2.763926383316243
541,gemma,1,3.0551574285552876
542,gemma,1,4.845401522879464
543,gemma,1,4.921415201813933
544,gemma,1,4.6694458331510935
545,gemma,1,8.830716843455383
546,gemma,1,5.113045478659885
547,gemma,1,4.257988401780888
548,gemma,1,2.8103796810467574
549,gemma,1,3.4112122715864337
550,gemma,1,1.600518344902015
551,gemma,1,6.096269877505432
552,gemma,1,2.8033227942464043
553,gemma,1,6.672648761874217
554,gemma,1,2.675885033361409
555,gemma,1,6.523623636173222
556,gemma,1,2.586366356047706
557,gemma,1,5.330236709521986
558,gemma,1,2.7201828824929652
559,gemma,1,4.772219966047575
560,gemma,1,0.7245500641319441
561,gemma,1,2.0897761445824647
562,gemma,1,1.6161459578177095
563,gemma,1,1.5265264547619597
564,gemma,1,3.137055904161744
565,gemma,1,8.313552619481102
566,gemma,1,3.4643085319367044
567,gemma,1,4.099696597799858
568,gemma,1,4.6484866370962195
569,gemma,1,3.510996589234917
570,gemma,1,2.422098072524638
571,gemma,1,6.062174187946787
572,gemma,1,5.179473122384341
573,gemma,1,2.175425852438025
574,gemma,1,2.8740347608197685
575,gemma,1,6.53649820218523
576,gemma,1,6.784657521404722
577,gemma,1,6.6894947316611795
578,gemma,1,4.179352634613561
579,gemma,1,2.532393847554756
580,gemma,1,5.28384552290081
581,gemma,1,6.443201982934808
582,gemma,1,4.406764070885866
583,gemma,1,5.026324916629122
584,gemma,1,5.587248538552087
585,gemma,1,5.207372965790596
586,gemma,1,6.381938495748045
587,gemma,1,2.640143354478348
588,gemma,1,4.4588878883932495
589,gemma,1,5.1841630160062975
590,gemma,1,4.973584898335885
591,gemma,1,4.80952207265441
592,gemma,1,6.601123897932979
593,gemma,1,3.356037884270724
594,gemma,1,3.267050470012041
595,gemma,1,3.02383080475477
596,gemma,1,2.3596613006387424
597,gemma,1,8.078206594985376
598,gemma,1,6.965531124715784
599,gemma,1,4.541541214503284
600,gemma,1,3.162818265177847
601,gemma,1,5.8835026545629825
602,gemma,1,7.669679813891467
603,gemma,1,6.0859328747321015
604,gemma,1,3.1954056202518544
605,gemma,1,3.923724395993661
606,gemma,1,3.6318309844135417
607,gemma,1,4.385764238563912
608,gemma,1,6.910322855122724
609,gemma,1,4.415946632196962
610,gemma,1,6.652133721888979
611,gemma,1,4.91867827317974
612,gemma,1,4.72949371119985
613,gemma,1,5.403038798056537
614,gemma,1,3.2708953233558584
615,gemma,1,3.4768639547480005
616,gemma,1,6.243174686086379
617,gemma,1,9.118257277301202
618,gemma,1,4.293416457051055
619,gemma,1,7.517890306522445
620,gemma,1,4.630361291033091
621,gemma,1,4.6357411448403045
622,gemma,1,3.8167589301903693
623,gemma,1,5.468249272683219
624,gemma,1,3.1687922454599247
625,gemma,1,6.7164504585561415
626,gemma,1,6.15731449905927
627,gemma,1,5.493634522240986
628,gemma,1,3.8811238012349043
629,gemma,1,4.381768189116434
630,gemma,1,4.134394774862995
631,gemma,1,4.2519222118131275
632,gemma,1,4.342501862320073
633,gemma,1,3.713913871327026
634,gemma,1,0.9830984371168796
635,gemma,1,3.279990002700658
636,gemma,1,3.8726812380520137
637,gemma,1,0.523850692063195
638,gemma,1,4.6932361844151576
639,gemma,1,4.758896018884828
640,gemma,1,5.041410026228122
641,gemma,1,4.978248452863347
642,gemma,1,6.062189943628156
643,gemma,1,7.347338495915809
644,gemma,1,5.625010178360473
645,gemma,1,1.9209776987800427
646,gemma,1,4.901429806971101
647,gemma,1,1.448411790671136
648,gemma,1,2.4914466994465627
649,gemma,1,6.732822530333896
650,gemma,1,4.92899398432251
651,gemma,1,1.8583674782832915
652,gemma,1,4.499296332482966
653,gemma,1,1.1536340940835734
654,gemma,1,2.0131866962021774
655,gemma,1,5.628284169084478
656,gemma,1,3.263904655925936
657,gemma,1,1.839593693841238
658,gemma,1,6.201517056980811
659,gemma,1,1.471148893927799
660,gemma,1,5.114574135561747
661,gemma,1,4.136885704701426
662,gemma,1,6.025683373616977
663,gemma,1,2.2773685921370506
664,gemma,1,3.433722409524477
665,gemma,1,2.926010709214073
666,gemma,1,2.934005544427845
667,gemma,1,2.7712391346874323
668,gemma,1,4.698517384286931
669,gemma,1,4.693954225145502
670,gemma,1,4.614223128832823
671,gemma,1,3.774430905847889
672,gemma,1,4.936300958767567
673,gemma,1,5.009016301756089
674,gemma,1,3.2717740612204964
675,gemma,1,2.8897167839595825
676,gemma,1,5.501722710399377
677,gemma,1,4.944137810239119
678,gemma,1,5.390034040464176
679,gemma,1,2.9356003892821163
680,gemma,1,0.4962626747262028
681,gemma,1,3.4372167585307727
682,gemma,1,5.7092520498903685
683,gemma,1,7.711240987744621
684,gemma,1,3.058779693011521
685,gemma,1,2.9891686990597197
686,gemma,1,2.5253626475550037
687,gemma,1,4.461666827192659
688,gemma,1,5.561874727504817
689,gemma,1,7.799591329468937
690,gemma,1,6.539089286394589
691,gemma,1,6.816594031186915
692,gemma,1,5.945014942109036
693,gemma,1,4.178909812748516
694,gemma,1,4.6337456162465465
695,gemma,1,5.699105802864675
696,gemma,1,4.981889984299213
697,gemma,1,7.460284445755287
698,gemma,1,3.627269619568823
699,gemma,1,8.526814551514619
700,gemma,1,6.091369362579472
701,gemma,1,5.454965929832959
702,gemma,1,6.351962922361758
703,gemma,1,5.845778094555161
704,gemma,1,2.1262576251671663
705,gemma,1,2.1737326961336594
706,gemma,1,-0.541649920495567
707,gemma,1,6.197097420127582
708,gemma,1,7.388643856253423
709,gemma,1,4.204696804969699
710,gemma,1,0.6508624276267938
711,gemma,1,1.4801295243579387
712,gemma,1,5.0371829090482665
713,gemma,1,7.210314364732591
714,gemma,1,5.055627072520434
715,gemma,1,6.5380440297483675
716,gemma,1,3.7536379908321607
717,gemma,1,4.219538746033385
718,gemma,1,4.280784508681017
719,gemma,1,6.2620643115105485
720,gemma,1,3.0403904923826817
721,gemma,1,1.7663314672639197
722,gemma,1,5.711895800747057
723,gemma,1,2.811488743084069
724,gemma,1,6.161574085218329
725,gemma,1,3.956232448376836
726,gemma,1,3.5809452388850205
727,gemma,1,7.210138089449681
728,gemma,1,7.641401631767692
729,gemma,1,4.894211614140522
730,gemma,1,2.8569888819393996
731,gemma,1,0.5036199902057232
732,gemma,1,3.110177737313411
733,gemma,1,4.269818068596058
734,gemma,1,4.677339418413521
735,gemma,1,4.994739311348491
736,gemma,1,3.7489086311825583
737,gemma,1,-0.9126936474365351
738,gemma,1,5.5768332196983135
739,gemma,1,1.8042448941914373
740,gemma,1,0.47004913601481046
741,gemma,1,2.8641777680251845
742,gemma,1,2.9141910652332323
743,gemma,1,4.074762715673986
744,gemma,1,4.907357674658561
745,gemma,1,4.160211888294131
746,gemma,1,2.9923336113566203
747,gemma,1,2.960718705511864
748,gemma,1,2.2342604314981966
749,gemma,1,1.3577039790915573
750,gemma,1,6.564061024529999
751,gemma,1,2.576282065658308
752,gemma,1,4.182455807206288
753,gemma,1,6.880660164625392
754,gemma,1,5.043588605891868
755,gemma,1,1.9943981678669014
756,gemma,1,4.900945144647204
757,gemma,1,3.600144710292057
758,gemma,1,4.382978057345131
759,gemma,1,5.44049601774058
760,gemma,1,3.081416895167342
761,gemma,1,3.8623237466874105
762,gemma,1,4.681325202502363
763,gemma,1,5.640073177129153
764,gemma,1,2.029131671070131
765,gemma,1,1.8073753233285021
766,gemma,1,2.3976668897523075
767,gemma,1,6.206384709652076
768,gemma,1,4.018261250020311
769,gemma,1,3.226487513777056
770,gemma,1,4.671187266644861
771,gemma,1,4.095379228416002
772,gemma,1,3.073086776436714
773,gemma,1,4.284724144302384
774,gemma,1,3.464501677816502
775,gemma,1,1.4468132310594217
776,gemma,1,4.067968920073043
777,gemma,1,5.369725250315003
778,gemma,1,4.477321900093299
779,gemma,1,3.923373215612516
780,gemma,1,6.068182339002948
781,gemma,1,5.379721258069241
782,gemma,1,4.561115438073612
783,gemma,1,2.9838813173991374
784,gemma,1,2.476274548855323
785,gemma,1,2.070066137361869
786,gemma,1,2.181099516886679
787,gemma,1,5.854107758682202
788,gemma,1,3.992044017320059
789,gemma,1,3.8655048069883176
790,gemma,1,5.510755859320037
791,gemma,1,4.742849195255501
792,gemma,1,3.0337459997615315
793,gemma,1,5.34549472947043
794,gemma,1,3.804624329810968
795,gemma,1,5.344295050925205
796,gemma,1,5.721264474942986
797,gemma,1,4.664527210342946
798,gemma,1,6.727431438919113
799,gemma,1,6.950617712699104
800,gemma,1,5.629154322767693
801,gemma,1,4.619383701004827
802,gemma,1,4.248889228114671
803,gemma,1,3.846532466076612
804,gemma,1,1.270719036965338
805,gemma,1,4.302213701044786
806,gemma,1,7.140213235769535
807,gemma,1,3.479559871964907
808,gemma,1,4.340411630281648
809,gemma,1,3.4349703247635355
810,gemma,1,3.909181952175043
811,gemma,1,7.309331072661546
812,gemma,1,4.635587336764324
813,gemma,1,4.142061201328146
814,gemma,1,5.345359063806231
815,gemma,1,4.432370836461835
816,gemma,1,8.338679089503488
817,gemma,1,3.11471789819724
818,gemma,1,2.670178110360413
819,gemma,1,3.1796886711475807
820,gemma,1,5.456190907538273
821,gemma,1,3.051050721284175
822,gemma,1,6.7490676322540555
823,gemma,1,-0.033012218849698405
824,gemma,1,2.6104374874241976
825,gemma,1,3.7933962758812845
826,gemma,1,6.163084815580246
827,gemma,1,6.866539698084273
828,gemma,1,7.252640498043923
829,gemma,1,3.8913388782291
830,gemma,1,5.637369693626063
831,gemma,1,5.788678050873497
832,gemma,1,2.9665306185209417
833,gemma,1,5.253757455369398
834,gemma,1,2.5022532740561547
835,gemma,1,2.36854621628537
836,gemma,1,-0.23381939328454274
837,gemma,1,3.950406910567067
838,gemma,1,7.7365833813331655
839,gemma,1,5.65184791598734
840,gemma,1,5.26225424953064
841,gemma,1,1.3320712973369766
842,gemma,1,5.29416705993925
843,gemma,1,5.22122055920504
844,gemma,1,4.08102014477887
845,gemma,1,3.121540470609768
846,gemma,1,2.5047448852534466
847,gemma,1,2.521372783555294
848,gemma,1,3.429970488402487
849,gemma,1,4.141547231443888
850,gemma,1,2.228394923273079
851,gemma,1,3.2261559157520785
852,gemma,1,5.373781185161584
853,gemma,1,4.7657178237337705
854,gemma,1,2.6296340478327593
855,gemma,1,7.733902581531766
856,gemma,1,3.983597596805204
857,gemma,1,4.168284891848648
858,gemma,1,4.297109363068365
859,gemma,1,3.8922237212021984
860,gemma,1,4.1480267092198755
861,gemma,1,5.951460631512988
862,gemma,1,7.717551048534352
863,gemma,1,0.522040186292394
864,gemma,1,4.306545589508496
865,gemma,1,1.1906851487658394
866,gemma,1,6.585080308898761
867,gemma,1,6.60181556069617
868,gemma,1,5.1972419584399905
869,gemma,1,5.022913951882093
870,gemma,1,-1.114227101235188
871,gemma,1,3.57135659371716
872,gemma,1,2.4350651413113544
873,gemma,1,3.830177295890225
874,gemma,1,3.9835043009332347
875,gemma,1,4.286173414357122
876,gemma,1,4.866154154829972
877,gemma,1,3.7250691140271988
878,gemma,1,8.66833889317068
879,gemma,1,6.377102047341136
880,gemma,1,5.21550653885921
881,gemma,1,1.9790171179346479
882,gemma,1,4.994829505584545
883,gemma,1,1.9759166080968125
884,gemma,1,3.5125229313327977
885,gemma,1,3.796869867438921
886,gemma,1,3.8642782908809106
887,gemma,1,6.884614023431679
888,gemma,1,1.9677960975490836
889,gemma,1,5.4034756247064
890,gemma,1,3.51600183928979
891,gemma,1,4.046732522787545
892,gemma,1,4.472560943702732
893,gemma,1,4.0183831906645
894,gemma,1,8.803765053217159
895,gemma,1,4.930319217518866
896,gemma,1,3.688508645277922
897,gemma,1,5.634183019920714
898,gemma,1,3.2446417477231035
899,gemma,1,4.44534745814171
900,gemma,1,3.7576472780137173
901,gemma,1,7.030491744057213
902,gemma,1,4.802761096837804
903,gemma,1,7.0795211090652
904,gemma,1,6.6899452550689675
905,gemma,1,3.31577206527315
906,gemma,1,2.264093533781599
907,gemma,1,3.8822208117211745
908,gemma,1,3.8595915722654404
909,gemma,1,6.45832198193192
910,gemma,1,2.8793716798367703
911,gemma,1,3.6926328829780592
912,gemma,1,6.0715547255249565
913,gemma,1,6.875524006121084
914,gemma,1,5.41204123456654
915,gemma,1,3.0689800881006857
916,gemma,1,2.689237663033279
917,gemma,1,5.2696774463546
918,gemma,1,4.3934853461024055
919,gemma,1,4.505318048042834
920,gemma,1,1.4904990995137293
921,gemma,1,6.037964192044026
922,gemma,1,5.072649589488286
923,gemma,1,6.597517305510049
924,gemma,1,7.136498133611525
925,gemma,1,4.769322906807651
926,gemma,1,5.919276037536195
927,gemma,1,3.687821788481749
928,gemma,1,0.7862975581791147
929,gemma,1,4.6494285197161
930,gemma,1,1.5477506250531252
931,gemma,1,5.206390943745673
932,gemma,1,-0.2382215322702052
933,gemma,1,5.509762370991488
934,gemma,1,3.760094257841864
935,gemma,1,2.8291245417491613
936,gemma,1,-1.3737436027334073
937,gemma,1,3.4555205167653518
938,gemma,1,1.3466851303126552
939,gemma,1,4.315087226763261
940,gemma,1,5.179571927289441
941,gemma,1,-0.014909972453459153
942,gemma,1,2.0738291981785366
943,gemma,1,4.443706747199051
944,gemma,1,7.946361034920323
945,gemma,1,6.521507354223415
946,gemma,1,4.583876578580254
947,gemma,1,-0.906018562597374
948,gemma,1,2.035086390496532
949,gemma,1,4.893893505787986
950,gemma,1,6.154854238735548
951,gemma,1,4.308299396603499
952,gemma,1,4.761684575480825
953,gemma,1,4.453331828383779
954,gemma,1,7.422451124529938
955,gemma,1,2.8088047161496545
956,gemma,1,3.617606940574149
957,gemma,1,3.6581230527952275
958,gemma,1,4.950560943866945
959,gemma,1,2.254246899521707
960,gemma,1,7.888287142734357
961,gemma,1,4.9829600675332895
962,gemma,1,6.040275313158094
963,gemma,1,3.145135172683537
964,gemma,1,5.287477208644346
965,gemma,1,6.093212377233856
966,gemma,1,5.218373151437401
967,gemma,1,4.90230189264919
968,gemma,1,6.462730293500539
969,gemma,1,5.418239824219005
970,gemma,1,1.6197463554459128
971,gemma,1,1.5815719437947366
972,gemma,1,2.126856563462177
973,gemma,1,6.30108173216645
974,gemma,1,7.246189861683879
975,gemma,1,-0.7100773063661322
976,gemma,1,1.5588291250967383
977,gemma,1,4.202894489752709
978,gemma,1,5.785239767405107
979,gemma,1,3.694348538764007
980,gemma,1,3.5522665570653746
981,gemma,1,6.427109693193812
982,gemma,1,5.004808024673961
983,gemma,1,3.071817538957675
984,gemma,1,3.0159609091015263
985,gemma,1,2.8836808004611423
986,gemma,1,5.798458058994209
987,gemma,1,7.057113293002929
988,gemma,1,0.7312676458169562
989,gemma,1,7.625518458576789
990,gemma,1,5.144739969506307
991,gemma,1,3.5828439697643204
992,gemma,1,4.869411928439654
993,mistral,1,6.873747809189659
994,mistral,1,6.416217623353214
995,mistral,1,8.629059490520827
996,mistral,1,6.630922671424441
997,mistral,1,6.851124663672199
998,mistral,1,2.7166299480708522
999,mistral,1,9.02444141597951
1000,mistral,1,5.583414218285075
1001,mistral,1,4.9296520076328125
1002,mistral,1,4.13759899249474
1003,mistral,1,8.13906063642168
1004,mistral,1,4.560696507119964
1005,mistral,1,7.750425822713031
1006,mistral,1,8.026309639299612
1007,mistral,1,5.602496974942263
1008,mistral,1,6.033246170417987
1009,mistral,1,5.409776743042219
1010,mistral,1,3.800188065242544
1011,mistral,1,5.595940072069486
1012,mistral,1,7.143076617449719
1013,mistral,1,6.427467156143244
1014,mistral,1,6.594286377854107
1015,mistral,1,0.11983283642995948
1016,mistral,1,4.0616378062534775
1017,mistral,1,5.166609134564978
1018,mistral,1,8.090942292308059
1019,mistral,1,6.481518376660097
1020,mistral,1,7.193944603265853
1021,mistral,1,5.898948705766768
1022,mistral,1,5.973563505820428
1023,mistral,1,6.660177073714598
1024,mistral,1,5.185199445610049
1025,mistral,1,6.822262019329077
1026,mistral,1,5.061763961615956
1027,mistral,1,6.668803336284304
1028,mistral,1,6.741254082694413
1029,mistral,1,9.441914194110588
1030,mistral,1,2.3217706740387487
1031,mistral,1,7.107124286090256
1032,mistral,1,6.841828706816099
1033,mistral,1,7.377347794267941
1034,mistral,1,7.014939299220718
1035,mistral,1,5.215643031648436
1036,mistral,1,3.8926846550368563
1037,mistral,1,5.862362049463074
1038,mistral,1,5.157806604597024
1039,mistral,1,6.663312394167412
1040,mistral,1,3.949021754635
1041,mistral,1,5.597611772436781
1042,mistral,1,5.988637310893578
1043,mistral,1,7.3015592622274905
1044,mistral,1,5.828783978720798
1045,mistral,1,5.861343148528165
1046,mistral,1,4.12695866961703
1047,mistral,1,7.482385474890713
1048,mistral,1,2.827209491460735
1049,mistral,1,5.025743791118677
1050,mistral,1,6.868638313500813
1051,mistral,1,5.613697606717813
1052,mistral,1,4.937090872799377
1053,mistral,1,1.2403470667103789
1054,mistral,1,8.463874446400832
1055,mistral,1,6.257184734218088
1056,mistral,1,6.706672054900516
1057,mistral,1,3.54380835541034
1058,mistral,1,6.534741621938729
1059,mistral,1,3.8434092362868975
1060,mistral,1,4.959851979988779
1061,mistral,1,5.972798449973326
1062,mistral,1,5.479405121800773
1063,mistral,1,7.585510797912829
1064,mistral,1,4.953371059395624
1065,mistral,1,7.301030082658281
1066,mistral,1,7.892654547207916
1067,mistral,1,6.3096204490888566
1068,mistral,1,4.543654911044837
1069,mistral,1,4.86920551234014
1070,mistral,1,5.964680729968659
1071,mistral,1,7.194286588050354
1072,mistral,1,5.869505799000764
1073,mistral,1,4.979573044643204
1074,mistral,1,4.407632554388426
1075,mistral,1,4.297018492658721
1076,mistral,1,4.884282437424918
1077,mistral,1,6.123044728546434
1078,mistral,1,4.762609071368434
1079,mistral,1,7.2351607519238
1080,mistral,1,5.284010646529226
1081,mistral,1,5.846319899925152
1082,mistral,1,4.0784351179534255
1083,mistral,1,7.580964224857201
1084,mistral,1,8.743066343569529
1085,mistral,1,6.63537624093337
1086,mistral,1,5.857934085912519
1087,mistral,1,5.533668608591249
1088,mistral,1,3.5372839684577118
1089,mistral,1,5.941777875336081
1090,mistral,1,3.648165036979473
1091,mistral,1,5.7005199380447396
1092,mistral,1,5.02571651238743
1093,mistral,1,5.996736696409022
1094,mistral,1,7.5213616851937655
1095,mistral,1,5.5347085649898204
1096,mistral,1,5.389458552230788
1097,mistral,1,6.584712608043417
1098,mistral,1,2.2902799403214615
1099,mistral,1,5.111825891360675
1100,mistral,1,10.351834973689277
1101,mistral,1,5.032371737284515
1102,mistral,1,5.430249666034979
1103,mistral,1,7.115819704597565
1104,mistral,1,4.490079377242801
1105,mistral,1,5.2808504029921135
1106,mistral,1,4.157430790280577
1107,mistral,1,5.5870743974357175
1108,mistral,1,5.756178490132332
1109,mistral,1,3.0911149536044276
1110,mistral,1,8.542838782228202
1111,mistral,1,6.574628100664112
1112,mistral,1,8.48974247117484
1113,mistral,1,11.198040123884672
1114,mistral,1,3.8745759667681137
1115,mistral,1,2.9004860638524437
1116,mistral,1,5.047735232820234
1117,mistral,1,5.4861497174885345
1118,mistral,1,2.770120457247465
1119,mistral,1,7.231627463941016
1120,mistral,1,3.4778971072907243
1121,mistral,1,5.612696511443197
1122,mistral,1,10.577298916962253
1123,mistral,1,5.089068747385993
1124,mistral,1,9.106587212056494
1125,mistral,1,7.347591728618098
1126,mistral,1,2.6871579619445463
1127,mistral,1,4.475929941019332
1128,mistral,1,4.303645554417529
1129,mistral,1,5.337902579548986
1130,mistral,1,5.103511699980606
1131,mistral,1,4.582477183684176
1132,mistral,1,2.6438558563908976
1133,mistral,1,4.0000618723966985
1134,mistral,1,8.238182616081247
1135,mistral,1,5.666386847319764
1136,mistral,1,5.60748506971756
1137,mistral,1,5.602603058162466
1138,mistral,1,7.776288337997882
1139,mistral,1,6.049262650047736
1140,mistral,1,-1.4770772665230352
1141,mistral,1,7.92572700318732
1142,mistral,1,3.525856362538767
1143,mistral,1,6.205830916954844
1144,mistral,1,7.279362556151763
1145,mistral,1,5.007761228267631
1146,mistral,1,5.3118322623371945
1147,mistral,1,3.9008369836279115
1148,mistral,1,6.801755044146622
1149,mistral,1,4.012460449410587
1150,mistral,1,5.481706775638232
1151,mistral,1,5.751338532531808
1152,mistral,1,6.17742910032588
1153,mistral,1,4.815791309361505
1154,mistral,1,6.401714233101267
1155,mistral,1,6.007665111561826
1156,mistral,1,3.982499205869776
1157,mistral,1,6.595620032981451
1158,mistral,1,3.256474544592939
1159,mistral,1,4.58796502774474
1160,mistral,1,6.723789765174969
1161,mistral,1,5.282852304856999
1162,mistral,1,6.324335835986762
1163,mistral,1,4.130586922260691
1164,mistral,1,4.166869306566348
1165,mistral,1,7.6985487776128565
1166,mistral,1,4.047215457722477
1167,mistral,1,6.410125991889909
1168,mistral,1,4.492302341485238
1169,mistral,1,7.314167837974233
1170,mistral,1,6.967876789087241
1171,mistral,1,7.613927531127201
1172,mistral,1,6.9260996595832705
1173,mistral,1,7.220857813170456
1174,mistral,1,9.370583507433993
1175,mistral,1,4.623924785454671
1176,mistral,1,5.327830124512973
1177,mistral,1,8.968217008976106
1178,mistral,1,9.492521503642092
1179,mistral,1,5.665935823479438
1180,mistral,1,6.894103401885074
1181,mistral,1,5.637787278587921
1182,mistral,1,4.615521330234558
1183,mistral,1,7.375479045819731
1184,mistral,1,8.269957016445781
1185,mistral,1,8.96142488907782
1186,mistral,1,5.157821088202691
1187,mistral,1,6.377125797818857
1188,mistral,1,4.806856862383075
1189,mistral,1,2.255200127548631
1190,mistral,1,4.285617055503674
1191,mistral,1,5.819117811747958
1192,mistral,1,7.3603598565809385
1193,mistral,1,6.64057229862561
1194,mistral,1,4.767384667772927
1195,mistral,1,3.538787433762145
1196,mistral,1,5.0386242280429885
1197,mistral,1,4.8277973197551445
1198,mistral,1,7.680186393812181
1199,mistral,1,5.412714193198646
1200,mistral,1,4.525002148612119
1201,mistral,1,3.238345921073977
1202,mistral,1,7.47781826654472
1203,mistral,1,5.299129733667137
1204,mistral,1,8.068725372608935
1205,mistral,1,3.2215915293585464
1206,mistral,1,4.405576693340785
1207,mistral,1,9.753622207548222
1208,mistral,1,6.141096809605409
1209,mistral,1,5.6123617875724845
1210,mistral,1,6.157089967837183
1211,mistral,1,8.742117542707213
1212,mistral,1,4.894675786219367
1213,mistral,1,6.175332326579595
1214,mistral,1,5.8546059579285314
1215,mistral,1,8.03385834409384
1216,mistral,1,10.457765271977618
1217,mistral,1,6.8944668724236795
1218,mistral,1,2.8906426384029267
1219,mistral,1,6.282950703904959
1220,mistral,1,10.849066653737744
1221,mistral,1,6.767300635652735
1222,mistral,1,7.3004182272960305
1223,mistral,1,11.092204501369869
1224,mistral,1,6.069115951512994
1225,mistral,1,8.769066423716255
1226,mistral,1,2.3244068770890847
1227,mistral,1,4.089912215133093
1228,mistral,1,6.885817519837718
1229,mistral,1,5.46208364033716
1230,mistral,1,3.703668917602426
1231,mistral,1,5.976115946455716
1232,mistral,1,6.8622064526971815
1233,mistral,1,3.3554885824085643
1234,mistral,1,6.6224285092979125
1235,mistral,1,1.9113124068914285
1236,mistral,1,4.528433497390496
1237,mistral,1,5.292091112180757
1238,mistral,1,3.7220796134773027
1239,mistral,1,5.0572041023940315
1240,mistral,1,6.979710466356373
1241,mistral,1,4.1598400640529345
1242,mistral,1,6.3743144248903425
1243,mistral,1,5.265030555386463
1244,mistral,1,6.50453521815547
1245,mistral,1,5.797863233726447
1246,mistral,1,2.7039545541739605
1247,mistral,1,6.748747357233393
1248,mistral,1,4.010507592364618
1249,mistral,1,4.989904215614997
1250,mistral,1,6.613787368126382
1251,mistral,1,5.3642676035725785
1252,mistral,1,6.045452042193552
1253,mistral,1,4.350049947143641
1254,mistral,1,5.752653014103579
1255,mistral,1,2.7695821852781193
1256,mistral,1,5.037195202306632
1257,mistral,1,4.134702428477543
1258,mistral,1,7.407610603164982
1259,mistral,1,6.644843351927306
1260,mistral,1,4.45664353029697
1261,mistral,1,8.10070275128656
1262,mistral,1,3.571328248409804
1263,mistral,1,6.38202049685005
1264,mistral,1,6.921162555493869
1265,mistral,1,3.9422589010764764
1266,mistral,1,5.052390954064506
1267,mistral,1,5.370257524209532
1268,mistral,1,8.302779820292335
1269,mistral,1,5.361082707103767
1270,mistral,1,3.4682415948668566
1271,mistral,1,4.5554353384941555
1272,mistral,1,3.153561493304985
1273,mistral,1,9.215293545110976
1274,mistral,1,4.462917048025586
1275,mistral,1,6.68203143842867
1276,mistral,1,8.59168258175687
1277,mistral,1,4.732444523478555
1278,mistral,1,5.289472715697126
1279,mistral,1,5.651436125142823
1280,mistral,1,5.906351590390093
1281,mistral,1,7.640206964296179
1282,mistral,1,5.988954653995307
1283,mistral,1,1.9329839946455862
1284,mistral,1,3.397202260713934
1285,mistral,1,4.741527998864271
1286,mistral,1,6.038779785869834
1287,mistral,1,4.73505765857346
1288,mistral,1,8.996058370711179
1289,mistral,1,9.400800666128413
1290,mistral,1,7.906365686927324
1291,mistral,1,5.72535055917916
1292,mistral,1,6.3673691928854845
1293,mistral,1,6.3400010938174
1294,mistral,1,7.198702323144116
1295,mistral,1,4.429917506814165
1296,mistral,1,2.017411302013793
1297,mistral,1,5.007577665788193
1298,mistral,1,8.42369986988734
1299,mistral,1,4.253333355246076
1300,mistral,1,0.5465850622548667
1301,mistral,1,4.915919226783525
1302,mistral,1,5.215208166940078
1303,mistral,1,5.192492113180632
1304,mistral,1,6.228206276510123
1305,mistral,1,4.832941002997069
1306,mistral,1,7.844719738212147
1307,mistral,1,7.2134639493910875
1308,mistral,1,2.5649533918674496
1309,mistral,1,3.55517828255499
1310,mistral,1,6.416870210098109
1311,mistral,1,6.273426207019629
1312,mistral,1,5.693423976410714
1313,mistral,1,3.6159289929788523
1314,mistral,1,7.784625677760463
1315,mistral,1,8.562229565103879
1316,mistral,1,7.216589106490447
1317,mistral,1,1.5873838646248866
1318,mistral,1,7.301160934261905
1319,mistral,1,7.494349843149882
1320,mistral,1,4.795830260798761
1321,mistral,1,8.400459225592144
1322,mistral,1,5.6547669244956005
1323,mistral,1,6.963326064637368
1324,mistral,1,6.222538737781323
1325,mistral,1,4.26914434400655
1326,mistral,1,5.617700966885486
1327,mistral,1,4.297977466409356
1328,mistral,1,6.128378807982657
1329,mistral,1,7.121308451429739
1330,mistral,1,6.357693573313311
1331,mistral,1,9.691324822458402
1332,mistral,1,6.353034099911201
1333,mistral,1,3.5228140406362676
1334,mistral,1,5.212843709692776
1335,mistral,1,5.903358121777685
1336,mistral,1,3.8357171890404236
1337,mistral,1,6.602604462036138
1338,mistral,1,5.180903476536536
1339,mistral,1,3.273917963796105
1340,mistral,1,5.783965993233286
1341,mistral,1,5.2442274151186306
1342,mistral,1,5.594307413782072
1343,mistral,1,5.871503369900462
1344,mistral,1,4.7230988462206325
1345,mistral,1,8.172967153101489
1346,mistral,1,7.457773609570156
1347,mistral,1,3.512570822764706
1348,mistral,1,7.922791652909177
1349,mistral,1,3.955980558224905
1350,mistral,1,5.975359739995843
1351,mistral,1,6.857413856846842
1352,mistral,1,3.887975028952487
1353,mistral,1,5.131583721813605
1354,mistral,1,7.157896451979631
1355,mistral,1,7.939838280221426
1356,mistral,1,5.998658941150372
1357,mistral,1,8.248897070902846
1358,mistral,1,3.084521425608743
1359,mistral,1,4.987198620108462
1360,mistral,1,6.061586287697992
1361,mistral,1,2.435634112776558
1362,mistral,1,2.8896952133496634
1363,mistral,1,7.82867804410474
1364,mistral,1,7.775925380332508
1365,mistral,1,4.114796297501948
1366,mistral,1,5.486169659792478
1367,mistral,1,7.971413084712904
1368,mistral,1,6.120944714376037
1369,mistral,1,7.0511022817874744
1370,mistral,1,7.137830246180277
1371,mistral,1,9.306246453556092
1372,mistral,1,6.128526367617183
1373,mistral,1,6.585569050205191
1374,mistral,1,3.2446133488880484
1375,mistral,1,6.31168444046347
1376,mistral,1,7.755306997925922
1377,mistral,1,4.032522024731221
1378,mistral,1,8.51096643132027
1379,mistral,1,8.75402322357515
1380,mistral,1,6.409336581807585
1381,mistral,1,5.124357924236906
1382,mistral,1,7.568352083073943
1383,mistral,1,7.683227683182254
1384,mistral,1,5.390657435934467
1385,mistral,1,3.365199811957651
1386,mistral,1,6.055282992946308
1387,mistral,1,1.7214384096689141
1388,mistral,1,6.584463295113955
1389,mistral,1,6.8400460027162024
1390,mistral,1,3.080207919977302
1391,mistral,1,5.682623053486494
1392,mistral,1,5.968707976116558
1393,mistral,1,7.899653755509374
1394,mistral,1,4.6980524421902325
1395,mistral,1,6.370557614566562
1396,mistral,1,5.528467873423626
1397,mistral,1,5.427268192665336
1398,mistral,1,7.490243755512837
1399,mistral,1,4.090625856907527
1400,mistral,1,5.493621012769159
1401,mistral,1,5.329738325043307
1402,mistral,1,5.189232699153053
1403,mistral,1,7.014498471257987
1404,mistral,1,7.312545010901879
1405,mistral,1,4.4429414470433395
1406,mistral,1,3.4886774146376776
1407,mistral,1,6.6135186541146185
1408,mistral,1,7.2182016986953785
1409,mistral,1,6.8467069884378855
1410,mistral,1,2.5024858954776334
1411,mistral,1,4.967366970265023
1412,mistral,1,7.498075679779827
1413,mistral,1,5.639671010444782
1414,mistral,1,5.080152252426915
1415,mistral,1,5.716235433351444
1416,mistral,1,4.79780499693911
1417,mistral,1,4.87995630687504
1418,mistral,1,4.6750279866559215
1419,mistral,1,7.984486987185057
1420,mistral,1,6.605267739432157
1421,mistral,1,4.4858627305816485
1422,mistral,1,7.267506981498647
1423,mistral,1,7.3883390696583495
1424,mistral,1,4.5812988872606875
1425,mistral,1,5.7710310460698455
1426,mistral,1,6.379540171584253
1427,mistral,1,3.965922710862051
1428,mistral,1,6.962571391339058
1429,mistral,1,6.468043971871387
1430,mistral,1,6.80839824176994
1431,mistral,1,3.723032582567573
1432,mistral,1,5.037750444795783
1433,mistral,1,5.877151777103581
1434,mistral,1,6.922339083557557
1435,mistral,1,7.615866952224316
1436,mistral,1,7.0294590962776295
1437,mistral,1,3.9298406913858015
1438,mistral,1,5.439180263200472
1439,mistral,1,6.22581964261526
1440,mistral,1,5.729869821634336
1441,mistral,1,8.09232738084443
1442,mistral,1,9.57021855579961
1443,mistral,1,6.128962165798035
1444,mistral,1,7.74555477999962
1445,mistral,1,8.416416033732336
1446,mistral,1,6.476185252792528
1447,mistral,1,6.3066511233048805
1448,mistral,1,4.289751163437404
1449,mistral,1,5.5293284789112365
1450,mistral,1,7.7764813632504515
1451,mistral,1,5.661933624812844
1452,mistral,1,6.313748566243274
1453,mistral,1,4.40439513691694
1454,mistral,1,3.977696298932563
1455,mistral,1,4.938601910994438
1456,mistral,1,6.878381521790584
1457,mistral,1,3.7476697661082623
1458,mistral,1,6.075041724723872
1459,mistral,1,7.4718859313694495
1460,mistral,1,6.248984841891912
1461,mistral,1,5.6546584951722005
1462,mistral,1,2.8895193817555347
1463,mistral,1,4.534584744520431
1464,mistral,1,5.212230902973982
1465,mistral,1,4.469049064888495
1466,mistral,1,5.9917643929717475
1467,mistral,1,9.228499865166157
1468,mistral,1,5.142039954162267
1469,mistral,1,8.551467863686359
1470,mistral,1,2.5887154039986155
1471,mistral,1,9.782678810787461
1472,mistral,1,6.8775539445545455
1473,mistral,1,5.85512028515545
1474,mistral,1,5.124266551695678
1475,mistral,1,7.123618314501746
1476,mistral,1,10.100921885304587
1477,mistral,1,5.544216314272311
1478,mistral,1,5.5109616167245346
1479,mistral,1,3.096949268912002
1480,mistral,1,5.697982656070612
1481,mistral,1,6.935443840126562
1482,mistral,1,6.185590957707804
1483,mistral,1,9.242356050022927
1484,mistral,1,8.69151074471491
1485,mistral,1,6.325687188279805
1486,mistral,1,4.37602598846731
1487,mistral,1,8.438975947550551
1488,mistral,1,5.1260344650235705
1489,mistral,1,6.664063628790915
1490,mistral,1,5.163937453050428
1491,mistral,1,7.614313047511599
1492,mistral,1,5.5812358531333
1493,mistral,1,7.653739174404774
1494,mistral,1,7.236121371392925
1495,mistral,1,2.6560728682253147
1496,mistral,1,4.728663781948658
1497,mistral,1,3.7425992975512505
1498,mistral,1,6.192131230108792
1499,mistral,1,8.678012125816958
1500,mistral,1,6.263970630080417
1501,mistral,1,7.427895784298939
1502,qwen,1,4.5848762307249125
1503,qwen,1,3.4715913591233254
1504,qwen,1,2.0933253646865237
1505,qwen,1,3.469404387209621
1506,qwen,1,7.08759203840807
1507,qwen,1,1.7018060984592116
1508,qwen,1,8.481885643553712
1509,qwen,1,2.639583459145425
1510,qwen,1,3.627425324121119
1511,qwen,1,3.309917996681026
1512,qwen,1,-3.399345180128691
1513,qwen,1,7.227546276231067
1514,qwen,1,1.7992085011749153
1515,qwen,1,3.0457506228296265
1516,qwen,1,4.608540810595155
1517,qwen,1,1.5629302810597276
1518,qwen,1,4.889524143515706
1519,qwen,1,1.5511762217917973
1520,qwen,1,2.9503776233226677
1521,qwen,1,7.780624277654658
1522,qwen,1,5.870000387053114
1523,qwen,1,4.812987794600439
1524,qwen,1,3.1232626578476608
1525,qwen,1,5.011435889578795
1526,qwen,1,1.5631416004525924
1527,qwen,1,2.7097013764160285
1528,qwen,1,5.6480673355081015
1529,qwen,1,6.4535337769348295
1530,qwen,1,5.740432632983345
1531,qwen,1,5.280965194453274
1532,qwen,1,2.514554538881548
1533,qwen,1,5.775910654575085
1534,qwen,1,4.291438908558818
1535,qwen,1,3.6307408001820147
1536,qwen,1,1.9346677186390695
1537,qwen,1,7.525680836374487
1538,qwen,1,0.5957632985783814
1539,qwen,1,1.231622494846121
1540,qwen,1,0.7763249538826914
1541,qwen,1,7.157361290343316
1542,qwen,1,4.017093135310672
1543,qwen,1,-1.0679167349925804
1544,qwen,1,3.418729989185575
1545,qwen,1,5.678990579645198
1546,qwen,1,2.257301658786916
1547,qwen,1,3.2579517671764657
1548,qwen,1,3.0565814355981784
1549,qwen,1,5.039375039832115
1550,qwen,1,-0.9613200108918158
1551,qwen,1,2.856920583231973
1552,qwen,1,4.589962233047048
1553,qwen,1,4.058155088982197
1554,qwen,1,4.236122860027571
1555,qwen,1,4.176923772898803
1556,qwen,1,3.4993487977836555
1557,qwen,1,5.322475580451217
1558,qwen,1,2.633430265675855
1559,qwen,1,2.611849216615187
1560,qwen,1,5.553738655710184
1561,qwen,1,0.9159652998071177
1562,qwen,1,6.71351680302653
1563,qwen,1,6.765578917773692
1564,qwen,1,4.286576854621713
1565,qwen,1,3.1489311961578044
1566,qwen,1,4.431757850869721
1567,qwen,1,5.0216195928689995
1568,qwen,1,4.22871101255898
1569,qwen,1,4.448987860731181
1570,qwen,1,3.420365247826086
1571,qwen,1,2.631166204080604
1572,qwen,1,3.706465508971931
1573,qwen,1,0.6613205123184303
1574,qwen,1,5.725863815410812
1575,qwen,1,3.331195326328736
1576,qwen,1,5.989711344650217
1577,qwen,1,4.972945025723251
1578,qwen,1,1.7758877051076054
1579,qwen,1,3.1310197036874765
1580,qwen,1,4.256753073815708
1581,qwen,1,6.0480571385263495
1582,qwen,1,-0.353733558454822
1583,qwen,1,3.917540961849741
1584,qwen,1,4.954429646509623
1585,qwen,1,4.4473020532617795
1586,qwen,1,3.8337116233782664
1587,qwen,1,2.839425134804969
1588,qwen,1,2.1785875185068027
1589,qwen,1,1.8473622308600264
1590,qwen,1,3.4166668471614647
1591,qwen,1,6.570286998319243
1592,qwen,1,7.590181140685307
1593,qwen,1,2.2000110362725893
1594,qwen,1,3.3087947121339654
1595,qwen,1,1.5063505625618667
1596,qwen,1,2.996037530115501
1597,qwen,1,2.2585399381981066
1598,qwen,1,1.8803817928625544
1599,qwen,1,5.285829834527996
1600,qwen,1,2.305711628654099
1601,qwen,1,5.509286488810868
1602,qwen,1,5.578283134147136
1603,qwen,1,2.374860234544342
1604,qwen,1,3.5815594362903007
1605,qwen,1,3.3495432666538933
1606,qwen,1,3.4995099922300046
1607,qwen,1,4.874685314516166
1608,qwen,1,7.6194433922469
1609,qwen,1,3.762242343460497
1610,qwen,1,4.534850159311966
1611,qwen,1,7.278811397406248
1612,qwen,1,3.6366550999009872
1613,qwen,1,0.8242014295229085
1614,qwen,1,2.2072089344328987
1615,qwen,1,8.217551626430057
1616,qwen,1,4.070476050424608
1617,qwen,1,3.6375675812524624
1618,qwen,1,6.076807447788769
1619,qwen,1,3.669243742485178
1620,qwen,1,7.36736528951903
1621,qwen,1,7.671894692355045
1622,qwen,1,4.537431966778568
1623,qwen,1,4.738407407257292
1624,qwen,1,3.2634593318076233
1625,qwen,1,5.397688526063282
1626,qwen,1,3.4792071814947083
1627,qwen,1,7.020657977004925
1628,qwen,1,2.3552573965248387
1629,qwen,1,3.162459002566191
1630,qwen,1,4.302685999938814
1631,qwen,1,5.714672535671276
1632,qwen,1,7.98611639131799
1633,qwen,1,6.05490767357349
1634,qwen,1,2.109027758961061
1635,qwen,1,3.4721249590836005
1636,qwen,1,2.2837463789007537
1637,qwen,1,4.784770432134746
1638,qwen,1,3.6567583375984296
1639,qwen,1,6.057871554387423
1640,qwen,1,2.4010157140492936
1641,qwen,1,2.886527147691819
1642,qwen,1,6.018454643801787
1643,qwen,1,3.4274235391559116
1644,qwen,1,3.084960539671631
1645,qwen,1,6.487521820290072
1646,qwen,1,0.992149607748257
1647,qwen,1,5.3948173747696115
1648,qwen,1,-1.9100358658615761
1649,qwen,1,4.004459301413666
1650,qwen,1,4.320029656923681
1651,qwen,1,4.5856995223404935
1652,qwen,1,4.696723505870003
1653,qwen,1,5.905604393268889
1654,qwen,1,2.4803602385348884
1655,qwen,1,3.8053550869058697
1656,qwen,1,6.787948934038126
1657,qwen,1,3.379115173386542
1658,qwen,1,4.165658420829871
1659,qwen,1,4.250620805122127
1660,qwen,1,4.262297372990324
1661,qwen,1,2.6273923383656244
1662,qwen,1,2.2950905900180487
1663,qwen,1,4.394166569065651
1664,qwen,1,1.9143552672771846
1665,qwen,1,2.3071062484001166
1666,qwen,1,5.9156628646998755
1667,qwen,1,0.17841932224672333
1668,qwen,1,2.1530291391849348
1669,qwen,1,6.616651746788884
1670,qwen,1,5.242497477695538
1671,qwen,1,4.197534899886253
1672,qwen,1,2.3552529869715677
1673,qwen,1,1.4452523597483533
1674,qwen,1,5.408592300316382
1675,qwen,1,3.884823050224597
1676,qwen,1,8.051808305673648
1677,qwen,1,1.7031095176213913
1678,qwen,1,4.385000130623479
1679,qwen,1,0.4670463693764879
1680,qwen,1,4.317656821255796
1681,qwen,1,3.365410512073316
1682,qwen,1,3.002697246813666
1683,qwen,1,5.085413061312894
1684,qwen,1,6.429588405123046
1685,qwen,1,3.525696337992311
1686,qwen,1,7.3705404382136095
1687,qwen,1,8.056873172294173
1688,qwen,1,4.703341989555402
1689,qwen,1,8.10992804608973
1690,qwen,1,0.8548443625074271
1691,qwen,1,1.2317000218679517
1692,qwen,1,1.8492617363702375
1693,qwen,1,4.91913908843025
1694,qwen,1,10.369678695621259
1695,qwen,1,5.215791276547237
1696,qwen,1,4.738089386766315
1697,qwen,1,2.1394672747035095
1698,qwen,1,4.70272216316225
1699,qwen,1,3.0725324053908656
1700,qwen,1,5.556007274531491
1701,qwen,1,4.718554807345
1702,qwen,1,2.1329417017272396
1703,qwen,1,2.7779094748780455
1704,qwen,1,3.231171274864491
1705,qwen,1,3.4059320428949817
1706,qwen,1,1.619057772196687
1707,qwen,1,4.333843521984972
1708,qwen,1,5.036037238737038
1709,qwen,1,2.7986991077282655
1710,qwen,1,1.1771520812069014
1711,qwen,1,3.147759084748563
1712,qwen,1,5.743328362088078
1713,qwen,1,5.910943175614383
1714,qwen,1,1.5259884158551633
1715,qwen,1,1.802134778342047
1716,qwen,1,4.197931739812964
1717,qwen,1,3.230788826940919
1718,qwen,1,7.883558695232975
1719,qwen,1,6.940183737034221
1720,qwen,1,7.43721124704097
1721,qwen,1,3.7932662678944875
1722,qwen,1,3.3327530520079724
1723,qwen,1,3.0645544229806294
1724,qwen,1,6.397039032235556
1725,qwen,1,8.353792396468718
1726,qwen,1,6.8382479923692525
1727,qwen,1,1.6613330510651498
1728,qwen,1,5.4629644253745715
1729,qwen,1,1.273159313080558
1730,qwen,1,3.5230350927394647
1731,qwen,1,6.601435194962075
1732,qwen,1,8.319824147280642
1733,qwen,1,1.2600738289872
1734,qwen,1,6.433125200926913
1735,qwen,1,6.652257251578786
1736,qwen,1,4.691111933546165
1737,qwen,1,7.846074091783955
1738,qwen,1,2.9465287852126347
1739,qwen,1,5.593125119771605
1740,qwen,1,4.735589203227237
1741,qwen,1,4.628943384085116
1742,qwen,1,0.5918463796567055
1743,qwen,1,10.271191771314081
1744,qwen,1,1.269090296698764
1745,qwen,1,2.601539434160085
1746,qwen,1,3.2131297963634635
1747,qwen,1,3.3977178415280966
1748,qwen,1,-0.1084458909715605
1749,qwen,1,6.099503113762702
1750,qwen,1,2.8275918310532306
1751,qwen,1,6.932664632884576
1752,qwen,1,6.412329009854234
1753,qwen,1,0.6418378321336183
1754,qwen,1,4.781011872816954
1755,qwen,1,1.559628314227364
1756,qwen,1,1.795773809675131
1757,qwen,1,5.293552828384145
1758,qwen,1,4.201428803677322
1759,qwen,1,7.2795876868789176
1760,qwen,1,3.7248216806990952
1761,qwen,1,6.261852448941638
1762,qwen,1,1.243806516803849
1763,qwen,1,6.737611129667125
1764,qwen,1,-0.41910324290003453
1765,qwen,1,6.160575099582652
1766,qwen,1,7.805178135678035
1767,qwen,1,5.760829646742272
1768,qwen,1,5.3021581713662975
1769,qwen,1,2.0688020042036603
1770,qwen,1,3.6919061371001582
1771,qwen,1,2.3644988941559824
1772,qwen,1,0.908132392908928
1773,qwen,1,7.823469290976741
1774,qwen,1,7.04908894622828
1775,qwen,1,1.5783379744686843
1776,qwen,1,2.3792799726801044
1777,qwen,1,3.658935812602841
1778,qwen,1,6.513133758074832
1779,qwen,1,2.8439473364250953
1780,qwen,1,5.505936584087437
1781,qwen,1,0.680655514142944
1782,qwen,1,4.351042766757846
1783,qwen,1,3.5945560891849695
1784,qwen,1,3.37748535500711
1785,qwen,1,4.167807492596279
1786,qwen,1,2.967452309154912
1787,qwen,1,2.7115615817520515
1788,qwen,1,4.027252250216032
1789,qwen,1,6.774209616165897
1790,qwen,1,4.455238332996141
1791,qwen,1,3.1411970401964524
1792,qwen,1,4.248950646129677
1793,qwen,1,1.2873121462457238
1794,qwen,1,4.178431449317787
1795,qwen,1,5.958562810511077
1796,qwen,1,8.325408684855216
1797,qwen,1,6.935350844521129
1798,qwen,1,4.759001427008878
1799,qwen,1,2.5368232875494052
1800,qwen,1,4.391370017336712
1801,qwen,1,2.245774800430553
1802,qwen,1,4.626167898267739
1803,qwen,1,3.4462519669015963
1804,qwen,1,3.8659219244356007
1805,qwen,1,1.8344892080649304
1806,qwen,1,2.913665562595387
1807,qwen,1,6.839847254852601
1808,qwen,1,2.7857344716464403
1809,qwen,1,0.5940441748140111
1810,qwen,1,6.059273385321951
1811,qwen,1,4.468448404298288
1812,qwen,1,4.996100747736017
1813,qwen,1,2.878346848045526
1814,qwen,1,2.684679393412755
1815,qwen,1,3.3388890463851904
1816,qwen,1,1.8923058338633834
1817,qwen,1,0.6462406923826047
1818,qwen,1,5.740935886860148
1819,qwen,1,4.65003828586264
1820,qwen,1,4.839976412655647
1821,qwen,1,3.7479903329414013
1822,qwen,1,4.31689254821684
1823,qwen,1,4.65363617243628
1824,qwen,1,6.719882918963415
1825,qwen,1,1.830496795401398
1826,qwen,1,0.7241656779568969
1827,qwen,1,4.8068048934301935
1828,qwen,1,3.270675158078109
1829,qwen,1,2.820139609919235
1830,qwen,1,5.917868403151925
1831,qwen,1,5.148196696606554
1832,qwen,1,3.1342696452382866
1833,qwen,1,4.991650242857341
1834,qwen,1,6.5401042937546165
1835,qwen,1,4.675668942033811
1836,qwen,1,4.585823553510241
1837,qwen,1,8.458923894022636
1838,qwen,1,6.8572246065701625
1839,qwen,1,4.10322755961432
1840,qwen,1,4.1199058969740685
1841,qwen,1,5.035747988760862
1842,qwen,1,4.785140224819567
1843,qwen,1,1.8711907168409454
1844,qwen,1,3.0010439410384318
1845,qwen,1,4.507654036414797
1846,qwen,1,2.5115256029110893
1847,qwen,1,3.5808532152168393
1848,qwen,1,4.120433613955095
1849,qwen,1,4.5953448898560545
1850,qwen,1,5.159256632390261
1851,qwen,1,7.081509022879158
1852,qwen,1,5.001402196785303
1853,qwen,1,3.967632406216972
1854,qwen,1,-0.3186290619123988
1855,qwen,1,5.951964775211015
1856,qwen,1,0.4578254113673459
1857,qwen,1,4.17859237913228
1858,qwen,1,1.723868413216531
1859,qwen,1,1.9096651977355712
1860,qwen,1,4.2962285082634875
1861,qwen,1,2.0790891093036645
1862,qwen,1,0.13501894398685654
1863,qwen,1,5.760030727311026
1864,qwen,1,5.063230411527453
1865,qwen,1,4.223145050063993
1866,qwen,1,4.327480842904831
1867,qwen,1,4.368447611003147
1868,qwen,1,2.6862628405160582
1869,qwen,1,5.9975412675569935
1870,qwen,1,8.073000832289198
1871,qwen,1,3.278806142980765
1872,qwen,1,5.1729570787283
1873,qwen,1,0.5451666855256266
1874,qwen,1,1.8586685705927894
1875,qwen,1,3.049784553116693
1876,qwen,1,5.903637293565465
1877,qwen,1,3.7638478867041325
1878,qwen,1,4.35735011175781
1879,qwen,1,3.164733635077103
1880,qwen,1,2.4808985437447233
1881,qwen,1,5.73730796964397
1882,qwen,1,2.1671182016181887
1883,qwen,1,4.519997020709419
1884,qwen,1,5.292561590628943
1885,qwen,1,5.7919894217601895
1886,qwen,1,4.539305180654714
1887,qwen,1,7.119434694198566
1888,qwen,1,7.457409646049629
1889,qwen,1,4.455093906427759
1890,qwen,1,7.349842566801672
1891,qwen,1,6.824063889298017
1892,qwen,1,2.619544959061621
1893,qwen,1,6.973758442309297
1894,qwen,1,3.6022339770783183
1895,qwen,1,6.0780263069716325
1896,qwen,1,2.1690500865547655
1897,qwen,1,6.73163358057723
1898,qwen,1,2.5586270322186184
1899,qwen,1,1.1497017799238165
1900,qwen,1,4.188895654818101
1901,qwen,1,4.92187641504504
1902,qwen,1,4.523756794843731
1903,qwen,1,6.340403512363219
1904,qwen,1,2.7412677682682727
1905,qwen,1,4.228380734689361
1906,qwen,1,3.287672906544939
1907,qwen,1,4.858560955480209
1908,qwen,1,0.6862871044903212
1909,qwen,1,4.907478148344496
1910,qwen,1,3.53479200195338
1911,qwen,1,2.280289654443686
1912,qwen,1,4.752698456839866
1913,qwen,1,3.6411182668565307
1914,qwen,1,5.954481961685795
1915,qwen,1,5.532724491137611
1916,qwen,1,6.280887570728549
1917,qwen,1,6.607965080975333
1918,qwen,1,4.918302556136854
1919,qwen,1,2.9220829583529904
1920,qwen,1,0.7613368901781417
1921,qwen,1,7.137389122538354
1922,qwen,1,2.311409944122105
1923,qwen,1,5.311845212418802
1924,qwen,1,3.3155796478526227
1925,qwen,1,3.1587339401879557
1926,qwen,1,2.4692066145592064
1927,qwen,1,1.387139801898739
1928,qwen,1,4.520846541224124
1929,qwen,1,2.770613303607821
1930,qwen,1,5.1512740191752275
1931,qwen,1,3.029040818788789
1932,qwen,1,6.773770617104799
1933,qwen,1,-1.1176716146411603
1934,qwen,1,2.851209659999136
1935,qwen,1,5.849326842620569
1936,qwen,1,2.7347927864176897
1937,qwen,1,6.717159520478087
1938,qwen,1,9.274532803242758
1939,qwen,1,4.774027461249081
1940,qwen,1,6.098960371147869
1941,qwen,1,4.745398703600069
1942,qwen,1,6.597301943145249
1943,qwen,1,6.569769676630188
1944,qwen,1,5.806893247457657
1945,qwen,1,5.761584479709996
1946,qwen,1,3.8845025128819453
1947,qwen,1,3.662304058747926
1948,qwen,1,4.286810295131685
1949,qwen,1,5.757839222006418
1950,qwen,1,6.18185470749886
1951,qwen,1,2.8807702197291354
1952,qwen,1,5.356944234196177
1953,qwen,1,3.9044192685384083
1954,qwen,1,7.513989124629128
1955,qwen,1,2.7764596454457355
1956,qwen,1,5.046600321179967
1957,qwen,1,1.015959582005746
1958,qwen,1,6.131142212500841
1959,qwen,1,7.921771607851368
1960,qwen,1,3.3907991671692774
1961,qwen,1,3.700230436424197
1962,qwen,1,3.4672512179979567
1963,qwen,1,4.390829649101402
1964,qwen,1,3.5347407542953455
1965,qwen,1,5.287227450050363
1966,qwen,1,2.5963018089408934
1967,qwen,1,2.271239877607684
1968,qwen,1,4.3153124143811405
1969,qwen,1,5.793045239809749
1970,qwen,1,2.7878940541355233
1971,qwen,1,4.55039733645874
1972,qwen,1,6.059977984144591
1973,qwen,1,3.97056512464156
1974,qwen,1,1.9759587141293393
1975,qwen,1,1.7597787715947109
1976,qwen,1,4.266079074177814
1977,qwen,1,1.658319921035824
1978,qwen,1,3.9301681136141653
1979,qwen,1,4.851148238974
1980,qwen,1,6.961134775086039
1981,qwen,1,6.68285829678123
1982,qwen,1,4.6911414821580175
1983,qwen,1,4.051275130180804
1984,qwen,1,3.624260958694999
1985,qwen,1,4.374197348813075
1986,qwen,1,3.1345273025862674
1987,qwen,1,2.7368666806723416
1988,qwen,1,6.461720783996925
1989,qwen,1,3.6209839575120943
1990,qwen,1,2.6109771787302964
1991,qwen,1,3.701890905962473
1992,qwen,1,2.394681616809379
1993,qwen,1,0.12505084487763374
1994,qwen,1,3.451920473464636
1995,qwen,1,4.636585155951302
1996,qwen,1,8.320329027275164
1997,qwen,1,6.578976842028167
1998,qwen,1,1.9890176522644187
1999,qwen,1,3.8267066055361876
2000,qwen,1,4.971152751852298
2001,qwen,1,2.7113136394800357
2002,qwen,1,4.048965979675725
2003,qwen,1,3.019003571287745
2004,qwen,1,7.010150907145907
2005,qwen,1,3.5219408646952632
2006,qwen,1,5.368828312880127
2007,qwen,1,5.5383606907217615
2008,qwen,1,3.3835119923741
2009,qwen,1,4.637408375180042
2010,qwen,1,3.2781961157037047
2011,llama,1,5.500890101891509
2012,llama,1,5.289675389047243
2013,llama,1,0.38687221021712737
2014,llama,1,6.239007720310293
2015,llama,1,6.228991666236279
2016,llama,1,5.6957764711945815
2017,llama,1,8.396315098300061
2018,llama,1,3.5951319276209803
2019,llama,1,4.374553347684086
2020,llama,1,4.81878773746084
2021,llama,1,3.4838182219759535
2022,llama,1,0.25149548684263334
2023,llama,1,6.29343480755947
2024,llama,1,2.6246690345651613
2025,llama,1,3.6526539232513673
2026,llama,1,6.350178152730661
2027,llama,1,5.590955758791769
2028,llama,1,4.626557421577717
2029,llama,1,3.1632247742509803
2030,llama,1,3.1725555178701175
2031,llama,1,10.58042416918021
2032,llama,1,5.917684227938402
2033,llama,1,1.685196787663815
2034,llama,1,5.616762586034382
2035,llama,1,5.082574199416378
2036,llama,1,6.745353498021489
2037,llama,1,0.4196939035203451
2038,llama,1,5.102901650702463
2039,llama,1,3.500692518524929
2040,llama,1,4.116059279278269
2041,llama,1,5.728551857967557
2042,llama,1,4.770339422047098
2043,llama,1,6.3778409894479084
2044,llama,1,4.990456839112882
2045,llama,1,3.311145303279928
2046,llama,1,7.095939379089387
2047,llama,1,5.62604453908329
2048,llama,1,6.671791251718711
2049,llama,1,3.7074124870219967
2050,llama,1,5.418727459400568
2051,llama,1,6.3542477373877
2052,llama,1,1.3379632826978791
2053,llama,1,4.87034853030446
2054,llama,1,4.512525664295797
2055,llama,1,3.190233385268905
2056,llama,1,3.3169076932867583
2057,llama,1,4.894780413232095
2058,llama,1,-0.21246490640206245
2059,llama,1,1.3078782954036232
2060,llama,1,5.81950610348595
2061,llama,1,4.116380189233538
2062,llama,1,1.0695365837795137
2063,llama,1,7.670632104749516
2064,llama,1,3.285605609979618
2065,llama,1,6.299122193876318
2066,llama,1,6.373847047511174
2067,llama,1,4.994617979264278
2068,llama,1,2.346923035267751
2069,llama,1,2.5452340975232435
2070,llama,1,4.609908582474017
2071,llama,1,5.145507571184499
2072,llama,1,5.202850301201735
2073,llama,1,2.3588531124828016
2074,llama,1,5.22724956252312
2075,llama,1,4.659822161436208
2076,llama,1,6.34240517303015
2077,llama,1,8.277056426919131
2078,llama,1,4.468507456506653
2079,llama,1,3.319413860248339
2080,llama,1,5.004476876434114
2081,llama,1,5.94208877069406
2082,llama,1,5.884096140247858
2083,llama,1,6.73559157008826
2084,llama,1,5.324886918132398
2085,llama,1,4.475277534802839
2086,llama,1,4.182586449513333
2087,llama,1,3.9369462796660954
2088,llama,1,6.407924522031799
2089,llama,1,7.487911153920539
2090,llama,1,7.746121334163841
2091,llama,1,5.594794144079162
2092,llama,1,6.717363101607675
2093,llama,1,3.8548804405895702
2094,llama,1,4.128627013897688
2095,llama,1,2.2910906514122136
2096,llama,1,5.927216799762465
2097,llama,1,3.725497313931604
2098,llama,1,4.584881035862942
2099,llama,1,5.73098334350065
2100,llama,1,6.798000756921995
2101,llama,1,4.596619951424823
2102,llama,1,5.996266052815986
2103,llama,1,2.5178731977955704
2104,llama,1,2.6006327307142527
2105,llama,1,1.4925978422774864
2106,llama,1,3.9139718573461755
2107,llama,1,4.542149222723414
2108,llama,1,2.9608813232026483
2109,llama,1,4.75050079913017
2110,llama,1,4.710385414291601
2111,llama,1,7.49990206302495
2112,llama,1,5.588049229970969
2113,llama,1,3.3729073144782875
2114,llama,1,5.652591967125761
2115,llama,1,6.271933151906763
2116,llama,1,8.736356702301263
2117,llama,1,6.389003980463323
2118,llama,1,4.152971041007867
2119,llama,1,6.867581053921827
2120,llama,1,4.149704657806501
2121,llama,1,-2.171792721169561
2122,llama,1,3.3836268133375333
2123,llama,1,5.667917072336589
2124,llama,1,3.6141403608996643
2125,llama,1,5.5388114716632675
2126,llama,1,6.461967477501563
2127,llama,1,2.9405657258683875
2128,llama,1,6.682433214005005
2129,llama,1,8.654728515334435
2130,llama,1,3.3020442584923178
2131,llama,1,0.6883803105552121
2132,llama,1,5.442787156059299
2133,llama,1,5.033093391774065
2134,llama,1,6.495126190045491
2135,llama,1,3.0599688932832505
2136,llama,1,5.055191203569986
2137,llama,1,4.896824239351528
2138,llama,1,3.8301743579702094
2139,llama,1,8.204031043049383
2140,llama,1,5.689316897451969
2141,llama,1,2.8832520901380807
2142,llama,1,7.047930376358831
2143,llama,1,4.083932928619517
2144,llama,1,6.249885176356271
2145,llama,1,2.955548349325744
2146,llama,1,5.947463536332815
2147,llama,1,1.7246047630920136
2148,llama,1,4.889440123972568
2149,llama,1,6.176682310162644
2150,llama,1,5.284027742012456
2151,llama,1,2.0009792526147563
2152,llama,1,3.1460616451350347
2153,llama,1,4.320953947526292
2154,llama,1,5.889792918479071
2155,llama,1,1.7100428273918125
2156,llama,1,7.6959770679324455
2157,llama,1,5.790847123382424
2158,llama,1,3.0422192274140363
2159,llama,1,6.164414790137315
2160,llama,1,8.572619762512852
2161,llama,1,6.774319883306594
2162,llama,1,2.8575782484333736
2163,llama,1,7.938406887603866
2164,llama,1,1.2966897563722697
2165,llama,1,4.499992178805297
2166,llama,1,6.510474954196064
2167,llama,1,3.162212075450095
2168,llama,1,1.8886097018497707
2169,llama,1,5.91593077893778
2170,llama,1,5.784862159994927
2171,llama,1,1.3151285466787173
2172,llama,1,5.062002109389337
2173,llama,1,1.6690878267907394
2174,llama,1,6.768437472124929
2175,llama,1,5.536776398891409
2176,llama,1,7.430262023435868
2177,llama,1,4.369097467315306
2178,llama,1,4.036805364206853
2179,llama,1,4.2177152902538095
2180,llama,1,3.7799210125978475
2181,llama,1,3.732540823528051
2182,llama,1,1.9889643538616786
2183,llama,1,4.7845562121031975
2184,llama,1,5.851379845826916
2185,llama,1,5.697340034453467
2186,llama,1,4.822109701654216
2187,llama,1,3.836826422422533
2188,llama,1,3.760854006721835
2189,llama,1,4.620834469346079
2190,llama,1,5.7345055507364355
2191,llama,1,5.110609303836922
2192,llama,1,8.2265715539495
2193,llama,1,6.707739291373101
2194,llama,1,5.626183873035205
2195,llama,1,4.3152083556620875
2196,llama,1,1.7631575134245485
2197,llama,1,2.5559427308118496
2198,llama,1,6.7823412379362376
2199,llama,1,6.7301683065251146
2200,llama,1,6.894666520754662
2201,llama,1,4.971256237290501
2202,llama,1,5.433075132052852
2203,llama,1,4.741716641222741
2204,llama,1,5.369516261047894
2205,llama,1,5.604046516360756
2206,llama,1,6.0317466427982245
2207,llama,1,5.267492683703094
2208,llama,1,7.026745392534944
2209,llama,1,6.2737216717948465
2210,llama,1,2.2281669750006223
2211,llama,1,5.72890346958699
2212,llama,1,3.257959477275966
2213,llama,1,3.2621809464897096
2214,llama,1,5.573219328070494
2215,llama,1,4.643087585485569
2216,llama,1,2.338873306990403
2217,llama,1,4.3143042199609685
2218,llama,1,3.8619543634284024
2219,llama,1,0.43906732134207704
2220,llama,1,3.9579914301982164
2221,llama,1,1.4403338694671457
2222,llama,1,8.213371953193981
2223,llama,1,1.660707322543834
2224,llama,1,7.067936811255828
2225,llama,1,7.840843663704474
2226,llama,1,3.2979136416118653
2227,llama,1,5.739424943097457
2228,llama,1,5.240600131819255
2229,llama,1,5.495305893619094
2230,llama,1,4.447151038396198
2231,llama,1,6.873577737718889
2232,llama,1,3.675815649562248
2233,llama,1,3.550797412416423
2234,llama,1,0.8055120810311213
2235,llama,1,8.148874380566744
2236,llama,1,2.2571929908172335
2237,llama,1,9.353318739603727
2238,llama,1,2.596746565894624
2239,llama,1,5.969680942617038
2240,llama,1,3.1800946456764763
2241,llama,1,3.8872542820170737
2242,llama,1,6.673914469760584
2243,llama,1,5.20477559703492
2244,llama,1,3.782801794062038
2245,llama,1,2.0665750239514074
2246,llama,1,2.4298262248704945
2247,llama,1,2.577793867655007
2248,llama,1,4.010113220378929
2249,llama,1,3.4401144490565922
2250,llama,1,3.3254543180705314
2251,llama,1,1.7325444339066562
2252,llama,1,3.669374598866138
2253,llama,1,1.0605512218278004
2254,llama,1,3.846041925653378
2255,llama,1,4.846143109454436
2256,llama,1,4.1591492184185554
2257,llama,1,4.733625604796041
2258,llama,1,3.1101087912733485
2259,llama,1,6.780110315292565
2260,llama,1,5.246921160288937
2261,llama,1,5.7265693773014625
2262,llama,1,3.6909605452228926
2263,llama,1,3.8848110778899043
2264,llama,1,7.418173327159316
2265,llama,1,7.014382715381656
2266,llama,1,4.9003076462544755
2267,llama,1,3.0389682595452316
2268,llama,1,4.563373307279003
2269,llama,1,1.7326691615649474
2270,llama,1,4.084480977016869
2271,llama,1,4.8167865442944695
2272,llama,1,4.603527218976967
2273,llama,1,8.026392499490324
2274,llama,1,3.415854054701815
2275,llama,1,5.141259009436826
2276,llama,1,4.2175224009124
2277,llama,1,2.8776927820291602
2278,llama,1,2.716624079919063
2279,llama,1,5.631620705861917
2280,llama,1,4.6145523953617165
2281,llama,1,4.667630740616489
2282,llama,1,6.398992712476094
2283,llama,1,3.7220869647292827
2284,llama,1,7.5009629487241
2285,llama,1,2.267590001028621
2286,llama,1,6.136717290974178
2287,llama,1,8.650830932380057
2288,llama,1,4.696316116021737
2289,llama,1,1.3199373429632923
2290,llama,1,4.277413668918604
2291,llama,1,2.718034987742483
2292,llama,1,4.43635024769444
2293,llama,1,4.280504766036797
2294,llama,1,6.319540518419645
2295,llama,1,4.924071976783099
2296,llama,1,7.347525705888913
2297,llama,1,3.0662677933857467
2298,llama,1,5.380816153539729
2299,llama,1,1.5048518883678565
2300,llama,1,1.120707444027645
2301,llama,1,2.5762346904560616
2302,llama,1,5.186287160057633
2303,llama,1,8.428661082751999
2304,llama,1,6.016805536274108
2305,llama,1,5.168459020575642
2306,llama,1,2.838134484625532
2307,llama,1,5.201904955967272
2308,llama,1,4.132089048574695
2309,llama,1,0.5398562219208487
2310,llama,1,3.0783363307564544
2311,llama,1,2.5124594273291785
2312,llama,1,5.705304554281575
2313,llama,1,3.338093742973197
2314,llama,1,1.9980292762339336
2315,llama,1,6.459846693002235
2316,llama,1,2.97734349396137
2317,llama,1,4.851755645505249
2318,llama,1,0.5314475876434611
2319,llama,1,4.394791492271256
2320,llama,1,4.595016776743608
2321,llama,1,4.547615720455407
2322,llama,1,1.1908942091730519
2323,llama,1,1.2922477696676633
2324,llama,1,4.726704336745978
2325,llama,1,4.61129468397811
2326,llama,1,5.2252800272695215
2327,llama,1,5.252455461836873
2328,llama,1,6.83231867189132
2329,llama,1,7.812546825778811
2330,llama,1,1.8191305248914573
2331,llama,1,0.6881191325996053
2332,llama,1,7.208418916331748
2333,llama,1,2.892288534890434
2334,llama,1,2.348055393416843
2335,llama,1,7.596894815785346
2336,llama,1,6.546839162134332
2337,llama,1,3.2831051258770607
2338,llama,1,7.529754801905654
2339,llama,1,3.0348842654864567
2340,llama,1,7.483445691595345
2341,llama,1,2.1530884696295245
2342,llama,1,1.3658532542162076
2343,llama,1,7.620067544533385
2344,llama,1,5.784336374424483
2345,llama,1,5.7100716382406995
2346,llama,1,2.907033418460978
2347,llama,1,3.049263483383878
2348,llama,1,3.378205085071456
2349,llama,1,5.9625275679111605
2350,llama,1,2.6892730106183755
2351,llama,1,5.184451782289396
2352,llama,1,4.6979751465889406
2353,llama,1,6.016068001730951
2354,llama,1,8.471977031009475
2355,llama,1,5.280375289954024
2356,llama,1,4.8913528864773435
2357,llama,1,4.121209536749441
2358,llama,1,4.851601477708122
2359,llama,1,6.408696850283022
2360,llama,1,3.0586467306884693
2361,llama,1,7.00820415746165
2362,llama,1,4.069413840483714
2363,llama,1,6.895135639763224
2364,llama,1,4.323477832382773
2365,llama,1,5.119642945115394
2366,llama,1,3.8170729159475827
2367,llama,1,2.670039914698344
2368,llama,1,7.442105270314092
2369,llama,1,5.588824644345731
2370,llama,1,7.283198467192816
2371,llama,1,4.531149442921032
2372,llama,1,3.491880081245466
2373,llama,1,8.29209088805447
2374,llama,1,8.35041620390281
2375,llama,1,3.8027381362300456
2376,llama,1,4.13129276947204
2377,llama,1,0.5527410909149026
2378,llama,1,4.23331872364485
2379,llama,1,4.144124250750283
2380,llama,1,3.0429394950378716
2381,llama,1,3.8004488132609917
2382,llama,1,3.335021279930717
2383,llama,1,4.251324520151978
2384,llama,1,3.64729004507859
2385,llama,1,6.920791503187479
2386,llama,1,6.647616947799945
2387,llama,1,2.593131961929343
2388,llama,1,4.384380272041124
2389,llama,1,7.735229572350093
2390,llama,1,2.1237491964457758
2391,llama,1,6.908499054483988
2392,llama,1,7.030202286722493
2393,llama,1,4.465086050825496
2394,llama,1,6.022597676111695
2395,llama,1,5.411624417044693
2396,llama,1,4.779388586199603
2397,llama,1,5.651383499305864
2398,llama,1,3.275193834420628
2399,llama,1,3.1041607237077935
2400,llama,1,1.7487688730387683
2401,llama,1,8.128500827309516
2402,llama,1,1.5973603975839317
2403,llama,1,2.6168922351185193
2404,llama,1,1.5545938859456998
2405,llama,1,4.419018249642485
2406,llama,1,7.2388313455282
2407,llama,1,6.720758833446914
2408,llama,1,2.002323499826263
2409,llama,1,6.131376714706707
2410,llama,1,3.8947730309724795
2411,llama,1,5.983695090871006
2412,llama,1,3.7535918203941607
2413,llama,1,5.0137629748245205
2414,llama,1,3.3679523058712975
2415,llama,1,4.7065956508538385
2416,llama,1,4.9761153852005835
2417,llama,1,5.475560128683092
2418,llama,1,5.482453467249678
2419,llama,1,2.831255785585867
2420,llama,1,2.538634293606997
2421,llama,1,10.186511168766053
2422,llama,1,3.60125479814915
2423,llama,1,3.766511092658123
2424,llama,1,3.202828689581457
2425,llama,1,8.346463843562228
2426,llama,1,3.0746568750834427
2427,llama,1,5.411476183424702
2428,llama,1,3.2303918012565624
2429,llama,1,2.4054738307483152
2430,llama,1,4.988254665134437
2431,llama,1,3.399550709403637
2432,llama,1,6.555820128045633
2433,llama,1,5.750389274642041
2434,llama,1,3.6275571487086684
2435,llama,1,3.179405867658925
2436,llama,1,5.4804230545261845
2437,llama,1,2.5447069228391967
2438,llama,1,4.273966202866142
2439,llama,1,4.105536717253182
2440,llama,1,1.6139019220321176
2441,llama,1,5.1993294015502425
2442,llama,1,6.109709323431615
2443,llama,1,5.816537828233405
2444,llama,1,5.72805036128941
2445,llama,1,1.5695876135492945
2446,llama,1,7.691483997945422
2447,llama,1,7.916273838996438
2448,llama,1,7.251976404945396
2449,llama,1,7.566771523633821
2450,llama,1,3.3155110803389682
2451,llama,1,1.833428669681237
2452,llama,1,5.808076162450827
2453,llama,1,6.96511347163972
2454,llama,1,6.322024187834412
2455,llama,1,2.4246648987927304
2456,llama,1,8.691092597392228
2457,llama,1,4.033693210002716
2458,llama,1,4.550305681993979
2459,llama,1,3.982109675010652
2460,llama,1,2.1406233837426933
2461,llama,1,3.157367755923651
2462,llama,1,6.001729479162912
2463,llama,1,3.7865884495222843
2464,llama,1,6.44593327966715
2465,llama,1,4.453813979120332
2466,llama,1,4.613721259722101
2467,llama,1,4.7338876429142225
2468,llama,1,5.213649130614393
2469,llama,1,5.557648222090481
2470,llama,1,3.315980048945006
2471,llama,1,4.046554653093075
2472,llama,1,6.369054787075062
2473,llama,1,5.243748593676767
2474,llama,1,2.806570409381067
2475,llama,1,4.879912498911178
2476,llama,1,1.9796288792702443
2477,llama,1,3.0267139167739385
2478,llama,1,6.725556896538662
2479,llama,1,4.005123895891476
2480,llama,1,3.5051733119917965
2481,llama,1,2.266545907830723
2482,llama,1,6.75497821451764
2483,llama,1,6.07460236177831
2484,llama,1,2.7953724104420865
2485,llama,1,3.7440939773240487
2486,llama,1,6.864870319795845
2487,llama,1,3.5670658759564478
2488,llama,1,4.534086527011399
2489,llama,1,-2.7669557064130808
2490,llama,1,2.98693382922058
2491,llama,1,1.1147087023323838
2492,llama,1,3.3977189053981816
2493,llama,1,3.367817202679344
2494,llama,1,3.3929246494148932
2495,llama,1,2.70866507446449
2496,llama,1,6.058666267228246
2497,llama,1,3.7552304304379427
2498,llama,1,6.6822325109184355
2499,llama,1,5.861395324023198
2500,llama,1,3.7412349501358775
2501,llama,1,4.367098592613072
2502,llama,1,3.908148403659517
2503,llama,1,3.254147615189207
2504,llama,1,4.420100537965848
2505,llama,1,4.449282748025084
2506,llama,1,6.133948867666793
2507,llama,1,7.456695032084372
2508,llama,1,5.833529734026688
2509,llama,1,6.663437658199619
2510,llama,1,6.536523106386681
2511,llama,1,6.532110736934823
2512,llama,1,5.191249537052545
2513,yi,1,9.007284046460203
2514,yi,1,5.143903858070554
2515,yi,1,5.480196095797195
2516,yi,1,5.211191736390526
2517,yi,1,0.662250064207608
2518,yi,1,8.931531544684658
2519,yi,1,6.660578258866613
2520,yi,1,4.681202554343262
2521,yi,1,1.725655231241919
2522,yi,1,1.4461753172698686
2523,yi,1,4.830556584804385
2524,yi,1,4.347716044170406
2525,yi,1,4.150274544594109
2526,yi,1,4.3765481765863665
2527,yi,1,7.663253796648541
2528,yi,1,5.845192723278046
2529,yi,1,2.120645558295321
2530,yi,1,6.431201492262495
2531,yi,1,5.693111702892062
2532,yi,1,4.114823706712988
2533,yi,1,4.556566073000163
2534,yi,1,5.201328940612115
2535,yi,1,5.064404250944085
2536,yi,1,6.287155799598194
2537,yi,1,0.8370609252034976
2538,yi,1,4.476506784022221
2539,yi,1,5.869584720174546
2540,yi,1,5.415254942180175
2541,yi,1,2.138761421063687
2542,yi,1,5.024740666898398
2543,yi,1,5.619741720353583
2544,yi,1,7.183767741016453
2545,yi,1,6.909431453991984
2546,yi,1,7.989613545429893
2547,yi,1,3.6184788151894867
2548,yi,1,4.892475289837311
2549,yi,1,1.880542964799082
2550,yi,1,7.083494528708693
2551,yi,1,6.378191701142689
2552,yi,1,6.727999335833111
2553,yi,1,4.0499797081334705
2554,yi,1,4.9815426177282305
2555,yi,1,6.296311171883407
2556,yi,1,4.8271257643564685
2557,yi,1,4.089643761315164
2558,yi,1,2.9788802152692626
2559,yi,1,4.030051112467807
2560,yi,1,4.869399106244332
2561,yi,1,4.341282471594551
2562,yi,1,4.3063859018678405
2563,yi,1,7.305463409179847
2564,yi,1,4.70580299008898
2565,yi,1,2.3203983142695885
2566,yi,1,4.609551100377113
2567,yi,1,0.4777448435650662
2568,yi,1,5.763935651720125
2569,yi,1,7.833717166025287
2570,yi,1,5.114047779034715
2571,yi,1,3.0810248835008007
2572,yi,1,5.693706765181601
2573,yi,1,2.6476658987469945
2574,yi,1,5.248269761669242
2575,yi,1,5.068109904399673
2576,yi,1,4.746588148796186
2577,yi,1,5.397636614157516
2578,yi,1,8.075552135256729
2579,yi,1,7.155339964653987
2580,yi,1,7.41559686223014
2581,yi,1,5.559555785562075
2582,yi,1,5.6782233785449385
2583,yi,1,5.2721249663698595
2584,yi,1,4.401271419408566
2585,yi,1,5.183636294145985
2586,yi,1,6.46339735494774
2587,yi,1,3.417363671706916
2588,yi,1,3.109698583967332
2589,yi,1,7.02203482907484
2590,yi,1,5.189960450443241
2591,yi,1,2.7555374807278428
2592,yi,1,2.3548552428160425
2593,yi,1,6.538201597734807
2594,yi,1,7.443550679212671
2595,yi,1,2.1885801411616153
2596,yi,1,3.2948152500708936
2597,yi,1,6.267200612086959
2598,yi,1,3.478791876558488
2599,yi,1,2.655961291601211
2600,yi,1,4.356808338890745
2601,yi,1,6.226534321412612
2602,yi,1,6.3738831758360845
2603,yi,1,8.533710344336434
2604,yi,1,5.825269567481026
2605,yi,1,4.933951269676088
2606,yi,1,3.6527000524590894
2607,yi,1,4.6226808169902025
2608,yi,1,5.961751478018571
2609,yi,1,5.547994021096336
2610,yi,1,7.71481391689707
2611,yi,1,7.97915693840874
2612,yi,1,5.221095227258529
2613,yi,1,8.30886830605874
2614,yi,1,4.400885590515247
2615,yi,1,2.779150711711603
2616,yi,1,5.3192674277905745
2617,yi,1,4.074479882139827
2618,yi,1,3.492321751361815
2619,yi,1,6.555491222207904
2620,yi,1,2.844124458155817
2621,yi,1,9.334644380986186
2622,yi,1,10.464358355816694
2623,yi,1,6.0929143045543155
2624,yi,1,3.1899688123027286
2625,yi,1,3.6086962293628004
2626,yi,1,3.804868038111843
2627,yi,1,6.6047840806928475
2628,yi,1,4.9405901652002555
2629,yi,1,1.1864115820172407
2630,yi,1,5.245117225573779
2631,yi,1,5.063514887845911
2632,yi,1,1.5139173855774395
2633,yi,1,10.730177962084394
2634,yi,1,6.367294975496216
2635,yi,1,2.4909913498792213
2636,yi,1,5.109551145658674
2637,yi,1,5.70741899376439
2638,yi,1,6.268837455151118
2639,yi,1,2.925919629706824
2640,yi,1,3.5447844060486107
2641,yi,1,2.2027551313287193
2642,yi,1,6.387278911344759
2643,yi,1,3.6786650105673955
2644,yi,1,5.783552960901269
2645,yi,1,0.3222541249615326
2646,yi,1,2.5707597545412555
2647,yi,1,6.654774606219563
2648,yi,1,6.3161913628307715
2649,yi,1,-1.3705393179041978
2650,yi,1,4.304950114615787
2651,yi,1,4.428299406785209
2652,yi,1,4.44852870310829
2653,yi,1,1.8606258350437437
2654,yi,1,6.4685830963506135
2655,yi,1,2.5596940947151707
2656,yi,1,4.81383770784703
2657,yi,1,2.3599803490810776
2658,yi,1,6.642473195309558
2659,yi,1,5.914640349922186
2660,yi,1,1.7834579949146263
2661,yi,1,5.599559340115628
2662,yi,1,5.6046590402408585
2663,yi,1,5.088036381929507
2664,yi,1,6.719210641180195
2665,yi,1,3.8502911404500595
2666,yi,1,4.058352180138421
2667,yi,1,6.340699907344765
2668,yi,1,8.214157953675203
2669,yi,1,6.702616277167062
2670,yi,1,2.29213129816695
2671,yi,1,4.068913141589327
2672,yi,1,5.820013708205706
2673,yi,1,5.157694887352843
2674,yi,1,1.856795517560053
2675,yi,1,4.972832416103116
2676,yi,1,6.4579204520981675
2677,yi,1,3.3724874341314703
2678,yi,1,3.085347138473768
2679,yi,1,5.046382634561915
2680,yi,1,3.9030082615031274
2681,yi,1,4.430418499264217
2682,yi,1,5.1418695434322
2683,yi,1,7.355009246497668
2684,yi,1,7.927073636531628
2685,yi,1,9.153852557962525
2686,yi,1,5.6810008806543735
2687,yi,1,5.400172296533589
2688,yi,1,1.549724822593852
2689,yi,1,5.673624635150924
2690,yi,1,5.932224643421852
2691,yi,1,6.076740560025617
2692,yi,1,7.853871579470053
2693,yi,1,6.533231396079318
2694,yi,1,6.633272247542584
2695,yi,1,5.156077911302543
2696,yi,1,3.866873603145419
2697,yi,1,6.060312950944911
2698,yi,1,3.0731279393486286
2699,yi,1,5.943709277182757
2700,yi,1,4.983686009039341
2701,yi,1,2.2628263439608047
2702,yi,1,4.259011664105486
2703,yi,1,6.056605618265079
2704,yi,1,7.009804683109336
2705,yi,1,5.424726530361632
2706,yi,1,5.341064535602064
2707,yi,1,3.2344921695797377
2708,yi,1,6.585583963616741
2709,yi,1,5.002654357116848
2710,yi,1,6.435508227868836
2711,yi,1,4.80616534976263
2712,yi,1,4.6020651977061755
2713,yi,1,6.352057358141948
2714,yi,1,-0.4945553020423722
2715,yi,1,5.755960145940164
2716,yi,1,4.137542442100226
2717,yi,1,4.075683105789466
2718,yi,1,7.72614107884691
2719,yi,1,5.442704012996495
2720,yi,1,6.94992506742485
2721,yi,1,8.970931962747093
2722,yi,1,7.228686821821266
2723,yi,1,2.672099133766568
2724,yi,1,5.873246771987546
2725,yi,1,1.3745112868925968
2726,yi,1,4.276774556431725
2727,yi,1,3.370713423817397
2728,yi,1,10.176465236325512
2729,yi,1,5.315206785641627
2730,yi,1,7.0023406297028625
2731,yi,1,2.2905588234577925
2732,yi,1,-0.17471335124226028
2733,yi,1,5.952394895544227
2734,yi,1,5.701694997142341
2735,yi,1,2.2254115655211675
2736,yi,1,3.034497008932824
2737,yi,1,5.2759042310325395
2738,yi,1,5.182270358390911
2739,yi,1,2.564225654586004
2740,yi,1,4.948678067418554
2741,yi,1,3.1625878808993724
2742,yi,1,5.269061225663906
2743,yi,1,7.447140219709385
2744,yi,1,2.9369966573521347
2745,yi,1,5.310060659773703
2746,yi,1,3.8891454689599203
2747,yi,1,3.931900705153967
2748,yi,1,7.05508399554434
2749,yi,1,3.0585752686971484
2750,yi,1,3.582816427443996
2751,yi,1,-0.5643438209590593
2752,yi,1,7.411569104704478
2753,yi,1,6.582878257700284
2754,yi,1,8.531613754469827
2755,yi,1,8.459843998060045
2756,yi,1,4.773378840118567
2757,yi,1,6.486569440282005
2758,yi,1,4.1179431555509565
2759,yi,1,6.940357425062866
2760,yi,1,4.689064743287023
2761,yi,1,3.3269076698549385
2762,yi,1,6.695845759784511
2763,yi,1,5.048664692678991
2764,yi,1,3.3217336236828214
2765,yi,1,3.438857903039014
2766,yi,1,7.609114004950142
2767,yi,1,4.191962934883865
2768,yi,1,3.6300080233887373
2769,yi,1,5.230719942446586
2770,yi,1,3.49182150017912
2771,yi,1,4.814657504057976
2772,yi,1,0.401612241883995
2773,yi,1,5.73975190131513
2774,yi,1,6.323895410025588
2775,yi,1,3.414597263638014
2776,yi,1,3.748889496604704
2777,yi,1,5.620411530320222
2778,yi,1,8.839117569586659
2779,yi,1,3.0901351648708144
2780,yi,1,5.769965310756969
2781,yi,1,3.2689605317226587
2782,yi,1,2.4401717524542574
2783,yi,1,5.410329159560679
2784,yi,1,5.3549468900761825
2785,yi,1,9.098640515223666
2786,yi,1,5.611026305467721
2787,yi,1,10.493934137067297
2788,yi,1,4.489109231292966
2789,yi,1,4.088675668174875
2790,yi,1,0.658986783021706
2791,yi,1,3.5406315042294425
2792,yi,1,5.137634125736472
2793,yi,1,6.309416764094679
2794,yi,1,5.879533571723737
2795,yi,1,4.1920304290948085
2796,yi,1,4.937018665562216
2797,yi,1,3.3752175383464764
2798,yi,1,3.505890482831786
2799,yi,1,5.530612528132856
2800,yi,1,4.338856125561164
2801,yi,1,3.296160647056258
2802,yi,1,7.910289926323155
2803,yi,1,9.095810790819897
2804,yi,1,4.644727061791061
2805,yi,1,6.767545273429906
2806,yi,1,10.5641910088626
2807,yi,1,4.03962427601257
2808,yi,1,6.154327603410159
2809,yi,1,1.288008316674911
2810,yi,1,7.54846789299007
2811,yi,1,6.134806604845688
2812,yi,1,3.5983181973272433
2813,yi,1,1.4579355561477796
2814,yi,1,6.124480876714032
2815,yi,1,6.903655613206383
2816,yi,1,6.166354178143728
2817,yi,1,3.948984326236803
2818,yi,1,4.75004245527308
2819,yi,1,4.523026803084847
2820,yi,1,5.350991321453834
2821,yi,1,2.866835762859743
2822,yi,1,2.1684401192917253
2823,yi,1,4.304190262719446
2824,yi,1,2.538480748361402
2825,yi,1,6.870523102229561
2826,yi,1,5.177973589173238
2827,yi,1,5.382092092116216
2828,yi,1,5.016555866950507
2829,yi,1,5.4255268311880185
2830,yi,1,5.668756360908321
2831,yi,1,2.2100800783743
2832,yi,1,4.618274128309584
2833,yi,1,4.458338035841512
2834,yi,1,2.4460042427665596
2835,yi,1,5.284806112193142
2836,yi,1,8.70846018418382
2837,yi,1,4.148257342370369
2838,yi,1,4.953915408790542
2839,yi,1,4.663822976445635
2840,yi,1,1.8138515290458714
2841,yi,1,5.804892742188405
2842,yi,1,6.109076969469573
2843,yi,1,5.642345358774085
2844,yi,1,7.886607739832781
2845,yi,1,5.282161301699112
2846,yi,1,5.253178831604768
2847,yi,1,4.280343939541447
2848,yi,1,6.0160053590122455
2849,yi,1,2.462338769149621
2850,yi,1,5.2334848232682365
2851,yi,1,0.6519487256408718
2852,yi,1,5.8985738029379755
2853,yi,1,2.140782305266558
2854,yi,1,8.485889378067117
2855,yi,1,5.120089578672046
2856,yi,1,2.9240011189562205
2857,yi,1,5.153231534483095
2858,yi,1,7.725244489950732
2859,yi,1,5.893572775833655
2860,yi,1,1.8483395552895323
2861,yi,1,5.03696275515108
2862,yi,1,4.633720419945904
2863,yi,1,6.720982501597348
2864,yi,1,6.318876725951371
2865,yi,1,2.981338921618106
2866,yi,1,2.3447967986506124
2867,yi,1,7.662786915413211
2868,yi,1,2.868445300118216
2869,yi,1,3.3168971608294995
2870,yi,1,8.1691414448655
2871,yi,1,8.320817466268764
2872,yi,1,2.8403230141821245
2873,yi,1,4.980857862899837
2874,yi,1,4.009937379766444
2875,yi,1,7.186038323232016
2876,yi,1,5.840414357905479
2877,yi,1,5.3663576905146595
2878,yi,1,3.822411703218853
2879,yi,1,8.033032584499637
2880,yi,1,2.8421136368576105
2881,yi,1,7.091948513494341
2882,yi,1,9.997967614344274
2883,yi,1,7.3989893486169835
2884,yi,1,4.820696780766666
2885,yi,1,9.201240131966383
2886,yi,1,1.2183263810766698
2887,yi,1,3.7397574915300877
2888,yi,1,4.673725399111894
2889,yi,1,2.739336350121977
2890,yi,1,5.432565791468218
2891,yi,1,1.812270507617462
2892,yi,1,4.713960373093341
2893,yi,1,4.408125937604058
2894,yi,1,5.143777244427787
2895,yi,1,5.980974981058887
2896,yi,1,4.549213706302334
2897,yi,1,3.670730340629508
2898,yi,1,3.6199600961583696
2899,yi,1,6.49689394711702
2900,yi,1,3.2809561618103977
2901,yi,1,5.3289051947731485
2902,yi,1,6.017702626026956
2903,yi,1,4.808467429842356
2904,yi,1,3.006427907087172
2905,yi,1,6.517835048168898
2906,yi,1,6.6865946299262
2907,yi,1,4.0942153517786695
2908,yi,1,6.016034956986143
2909,yi,1,6.753973416893093
2910,yi,1,0.9290795787284816
2911,yi,1,6.784697142384488
2912,yi,1,5.199569427215871
2913,yi,1,4.357862614662199
2914,yi,1,3.488633085322414
2915,yi,1,6.394404412152597
2916,yi,1,3.957058043071287
2917,yi,1,4.023360974658528
2918,yi,1,3.741993452143757
2919,yi,1,1.1496227717590968
2920,yi,1,8.676202100378678
2921,yi,1,8.736919509813324
2922,yi,1,3.701430053913746
2923,yi,1,4.031571308808327
2924,yi,1,3.4561370468375
2925,yi,1,4.9713306278704765
2926,yi,1,2.786860523903803
2927,yi,1,6.225782168372703
2928,yi,1,7.000754611026608
2929,yi,1,8.64774700651763
2930,yi,1,7.105562898696828
2931,yi,1,6.347153373521979
2932,yi,1,6.024542549027074
2933,yi,1,2.9393524423720203
2934,yi,1,4.984641622937884
2935,yi,1,7.141356333832664
2936,yi,1,5.387148304485791
2937,yi,1,4.749236713748289
2938,yi,1,4.773724319851122
2939,yi,1,2.8938606349002534
2940,yi,1,7.743612376591251
2941,yi,1,9.672600743864747
2942,yi,1,4.336615435559518
2943,yi,1,5.119979075140201
2944,yi,1,5.353279611417599
2945,yi,1,4.742290364811366
2946,yi,1,7.505397907075508
2947,yi,1,7.022480523823012
2948,yi,1,4.7917428071343044
2949,yi,1,6.091078659808411
2950,yi,1,6.066914157083211
2951,yi,1,5.466827806900475
2952,yi,1,6.958616076570019
2953,yi,1,4.8169728469689925
2954,yi,1,4.432297565758041
2955,yi,1,6.510632527584333
2956,yi,1,6.9715381357335335
2957,yi,1,5.303869579223834
2958,yi,1,7.111882863506509
2959,yi,1,3.8325542186528105
2960,yi,1,5.11479532903563
2961,yi,1,0.999458756853908
2962,yi,1,7.655764858758557
2963,yi,1,5.655971700222246
2964,yi,1,1.9952209556815383
2965,yi,1,4.969323398131704
2966,yi,1,4.248942197457477
2967,yi,1,5.462198035763017
2968,yi,1,7.943109096939117
2969,yi,1,3.48499350292763
2970,yi,1,9.69300319092044
2971,yi,1,4.793378216038564
2972,yi,1,0.4837010780357375
2973,yi,1,5.937369902545253
2974,yi,1,8.33366766153702
2975,yi,1,4.509016520662543
2976,yi,1,0.6354172743082126
2977,yi,1,2.5668651988919975
2978,yi,1,3.706002481333569
2979,yi,1,0.8215591155059976
2980,yi,1,4.995213372640053
2981,yi,1,5.351160579855531
2982,yi,1,5.4231458096905145
2983,yi,1,5.936029150818074
2984,yi,1,5.420355036860906
2985,yi,1,4.1414058173397095
2986,yi,1,9.332786777364669
2987,yi,1,3.87678095814311
2988,yi,1,6.404980154905985
2989,yi,1,4.9929142383905445
2990,yi,1,6.931251175153738
2991,yi,1,5.272431247074158
2992,yi,1,4.179473552261196
2993,yi,1,2.388337699117665
2994,yi,1,6.019522869519858
2995,yi,1,6.2631982969938
2996,yi,1,3.9020115647575375
2997,yi,1,4.456630028193094
2998,yi,1,5.196730170846899
2999,yi,1,8.471888644479115
3000,yi,1,7.412664770044402
3001,gpt4o,1,7.041940084080886
3002,gpt4o,1,3.2362224395405033
3003,gpt4o,1,6.94092694772791
3004,gpt4o,1,4.218884934459776
3005,gpt4o,1,3.2368339028689004
3006,gpt4o,1,3.947103310264155
3007,gpt4o,1,1.8067083383458973
3008,gpt4o,1,8.916851838352496
3009,gpt4o,1,6.4371384102389895
3010,gpt4o,1,5.64203800963655
3011,gpt4o,1,4.347627551115059
3012,gpt4o,1,4.830014423994438
3013,gpt4o,1,3.1066446648304593
3014,gpt4o,1,6.680810756083274
3015,gpt4o,1,4.826914496579248
3016,gpt4o,1,7.022005655826179
3017,gpt4o,1,2.508311436636295
3018,gpt4o,1,4.625516930180317
3019,gpt4o,1,2.8704326554599326
3020,gpt4o,1,-1.485600060473299
3021,gpt4o,1,5.169199615273009
3022,gpt4o,1,4.191228882429218
3023,gpt4o,1,1.492404180812627
3024,gpt4o,1,5.714752668327462
3025,gpt4o,1,5.485004344843183
3026,gpt4o,1,4.362019127925352
3027,gpt4o,1,8.49261532547881
3028,gpt4o,1,6.165864539550832
3029,gpt4o,1,4.932315767521754
3030,gpt4o,1,6.384902878072997
3031,gpt4o,1,6.431627285157559
3032,gpt4o,1,4.316835431488314
3033,gpt4o,1,5.76292890942136
3034,gpt4o,1,5.8929307629483025
3035,gpt4o,1,4.668840838066355
3036,gpt4o,1,2.32841657446458
3037,gpt4o,1,5.93993435386191
3038,gpt4o,1,5.017629003755404
3039,gpt4o,1,5.963816716884724
3040,gpt4o,1,5.14652351295173
3041,gpt4o,1,4.529470178448291
3042,gpt4o,1,5.83895198058776
3043,gpt4o,1,8.321842606647419
3044,gpt4o,1,7.13209428605477
3045,gpt4o,1,6.9813194807805585
3046,gpt4o,1,3.266414886596295
3047,gpt4o,1,5.189775950274206
3048,gpt4o,1,7.089933874244426
3049,gpt4o,1,4.040543845714078
3050,gpt4o,1,6.1162014054292015
3051,gpt4o,1,5.123686166160662
3052,gpt4o,1,4.090510776873738
3053,gpt4o,1,2.540399778020207
3054,gpt4o,1,7.413883551795932
3055,gpt4o,1,4.402099480278039
3056,gpt4o,1,4.5204826482001375
3057,gpt4o,1,1.3196475486898125
3058,gpt4o,1,6.480226602835833
3059,gpt4o,1,6.307752186805995
3060,gpt4o,1,2.5538879232775398
3061,gpt4o,1,2.854356658560048
3062,gpt4o,1,7.866530292234472
3063,gpt4o,1,6.039286513997933
3064,gpt4o,1,5.722676295336189
3065,gpt4o,1,0.3274488901191265
3066,gpt4o,1,7.205281780827761
3067,gpt4o,1,6.97587542148295
3068,gpt4o,1,5.855599753228638
3069,gpt4o,1,3.792685071192072
3070,gpt4o,1,5.662672206197063
3071,gpt4o,1,3.8611152115872764
3072,gpt4o,1,4.102005814655532
3073,gpt4o,1,2.544699927457252
3074,gpt4o,1,10.522704790316622
3075,gpt4o,1,3.7669408402396427
3076,gpt4o,1,4.9933258689081805
3077,gpt4o,1,5.343243013711031
3078,gpt4o,1,3.1036287353498246
3079,gpt4o,1,6.146292720927598
3080,gpt4o,1,3.076418609251285
3081,gpt4o,1,4.56346730164078
3082,gpt4o,1,3.033784795329235
3083,gpt4o,1,5.4542818559676745
3084,gpt4o,1,4.099034213994524
3085,gpt4o,1,5.779711873269469
3086,gpt4o,1,4.277615528861061
3087,gpt4o,1,6.729149869354969
3088,gpt4o,1,0.8507795828523165
3089,gpt4o,1,6.575796881338624
3090,gpt4o,1,3.07291682017757
3091,gpt4o,1,4.995402563757268
3092,gpt4o,1,6.197074918487316
3093,gpt4o,1,7.76281626478218
3094,gpt4o,1,4.896771911794524
3095,gpt4o,1,6.73699100367579
3096,gpt4o,1,4.170541097164982
3097,gpt4o,1,2.489740510483151
3098,gpt4o,1,5.46516077753874
3099,gpt4o,1,6.289472272863175
3100,gpt4o,1,2.7069504290983932
3101,gpt4o,1,4.850724196855479
3102,gpt4o,1,5.430524682500385
3103,gpt4o,1,7.077098857996606
3104,gpt4o,1,3.2467290329613605
3105,gpt4o,1,7.1081413183898645
3106,gpt4o,1,5.258191462672676
3107,gpt4o,1,5.661041660560955
3108,gpt4o,1,8.826256614928877
3109,gpt4o,1,3.828573949315462
3110,gpt4o,1,8.541863974403807
3111,gpt4o,1,4.697405448769965
3112,gpt4o,1,4.064622172152756
3113,gpt4o,1,4.412194275350182
3114,gpt4o,1,3.392207848379602
3115,gpt4o,1,6.435150855719124
3116,gpt4o,1,4.349135211636134
3117,gpt4o,1,5.436402210104377
3118,gpt4o,1,4.563091758021656
3119,gpt4o,1,7.152867022483522
3120,gpt4o,1,7.146258077263233
3121,gpt4o,1,5.539554812378559
3122,gpt4o,1,2.1646565822479067
3123,gpt4o,1,7.4503195206769846
3124,gpt4o,1,3.4352328380932935
3125,gpt4o,1,6.999819093447049
3126,gpt4o,1,1.741181145065175
3127,gpt4o,1,5.453578633577432
3128,gpt4o,1,4.909544206802212
3129,gpt4o,1,4.780868122509617
3130,gpt4o,1,5.025924872166793
3131,gpt4o,1,7.5191741031463915
3132,gpt4o,1,3.916449468368901
3133,gpt4o,1,5.58405272369287
3134,gpt4o,1,4.1197939872531695
3135,gpt4o,1,3.2524937699622067
3136,gpt4o,1,3.4432018676724114
3137,gpt4o,1,3.9457734972223184
3138,gpt4o,1,6.53704794688173
3139,gpt4o,1,5.647529915917311
3140,gpt4o,1,5.720140441394984
3141,gpt4o,1,6.3824575201588445
3142,gpt4o,1,1.4061812558226603
3143,gpt4o,1,5.820740398770438
3144,gpt4o,1,6.657132651815272
3145,gpt4o,1,5.473302253070834
3146,gpt4o,1,9.019277014688049
3147,gpt4o,1,4.67336009169154
3148,gpt4o,1,3.3876568289753517
3149,gpt4o,1,5.694589036982273
3150,gpt4o,1,7.463511606900451
3151,gpt4o,1,3.485398366970971
3152,gpt4o,1,2.7784128106633554
3153,gpt4o,1,6.3416596713291025
3154,gpt4o,1,4.904120897680877
3155,gpt4o,1,3.190215827684011
3156,gpt4o,1,5.60931839683795
3157,gpt4o,1,3.2965934314978123
3158,gpt4o,1,4.39976582819226
3159,gpt4o,1,4.636306016168656
3160,gpt4o,1,5.159278086296985
3161,gpt4o,1,3.6904240194134545
3162,gpt4o,1,7.741679517854288
3163,gpt4o,1,2.7071537795214335
3164,gpt4o,1,3.262563260259569
3165,gpt4o,1,3.9320404494050187
3166,gpt4o,1,6.475612693611367
3167,gpt4o,1,4.113430855470392
3168,gpt4o,1,3.4498370006000765
3169,gpt4o,1,5.8560616211711265
3170,gpt4o,1,6.923979368296417
3171,gpt4o,1,4.33782180295269
3172,gpt4o,1,3.011439999194013
3173,gpt4o,1,5.436009772086232
3174,gpt4o,1,4.422340074591199
3175,gpt4o,1,6.048371695781725
3176,gpt4o,1,5.454333662670155
3177,gpt4o,1,6.672772805263003
3178,gpt4o,1,6.8271477522825075
3179,gpt4o,1,3.3802384262214566
3180,gpt4o,1,4.745870564142554
3181,gpt4o,1,5.5446093171983
3182,gpt4o,1,4.15684371354509
3183,gpt4o,1,3.5106936561916293
3184,gpt4o,1,6.728438478028086
3185,gpt4o,1,7.546832514657
3186,gpt4o,1,4.203028355838343
3187,gpt4o,1,3.220958933507043
3188,gpt4o,1,3.825491121202428
3189,gpt4o,1,6.786166763479777
3190,gpt4o,1,5.9507692985798455
3191,gpt4o,1,6.176630879680854
3192,gpt4o,1,6.719455782945258
3193,gpt4o,1,0.6881108401557033
3194,gpt4o,1,1.7946053644341629
3195,gpt4o,1,3.647749361174402
3196,gpt4o,1,8.502963457813092
3197,gpt4o,1,1.657505182841699
3198,gpt4o,1,6.01038301146154
3199,gpt4o,1,6.2716734582710085
3200,gpt4o,1,5.318794139800276
3201,gpt4o,1,4.910770070539554
3202,gpt4o,1,3.8112039057940588
3203,gpt4o,1,9.213636659694215
3204,gpt4o,1,5.4372174580230554
3205,gpt4o,1,2.7787224635747
3206,gpt4o,1,5.71843481894006
3207,gpt4o,1,5.917300361516363
3208,gpt4o,1,5.4952203635743
3209,gpt4o,1,5.887113029803935
3210,gpt4o,1,2.012040352595497
3211,gpt4o,1,4.530633381528981
3212,gpt4o,1,3.48800206906491
3213,gpt4o,1,5.660536278209179
3214,gpt4o,1,6.01200838801255
3215,gpt4o,1,5.831580284956351
3216,gpt4o,1,2.5246315811073172
3217,gpt4o,1,7.639318870657838
3218,gpt4o,1,2.4358599855304215
3219,gpt4o,1,5.59097430840556
3220,gpt4o,1,3.7699938593304423
3221,gpt4o,1,4.076632892708925
3222,gpt4o,1,3.6694999308417717
3223,gpt4o,1,7.6132124442154865
3224,gpt4o,1,0.1601087443249826
3225,gpt4o,1,4.996272197895287
3226,gpt4o,1,5.277224498787044
3227,gpt4o,1,6.315615634603928
3228,gpt4o,1,3.7764426022519
3229,gpt4o,1,6.802483519987777
3230,gpt4o,1,5.873372509572371
3231,gpt4o,1,8.552306602697204
3232,gpt4o,1,6.440237241327742
3233,gpt4o,1,7.263726506483448
3234,gpt4o,1,6.253063869456123
3235,gpt4o,1,0.730610862224193
3236,gpt4o,1,4.455135120719449
3237,gpt4o,1,2.8824989510530363
3238,gpt4o,1,7.856056408456807
3239,gpt4o,1,5.202881525624984
3240,gpt4o,1,7.656508073303699
3241,gpt4o,1,3.2588547080825676
3242,gpt4o,1,4.578039852865368
3243,gpt4o,1,6.343286982688389
3244,gpt4o,1,7.372291598337061
3245,gpt4o,1,2.7302694771410376
3246,gpt4o,1,4.330107899752817
3247,gpt4o,1,5.277360434206814
3248,gpt4o,1,8.33203916913174
3249,gpt4o,1,3.8616812463398342
3250,gpt4o,1,4.503456717050346
3251,gpt4o,1,3.682923032235663
3252,gpt4o,1,2.894865057157078
3253,gpt4o,1,3.6977074612505523
3254,gpt4o,1,7.216596149536324
3255,gpt4o,1,-1.5830016620654828
3256,gpt4o,1,6.609426780947114
3257,gpt4o,1,1.9691093748115491
3258,gpt4o,1,1.5512320405805453
3259,gpt4o,1,7.035943643072692
3260,gpt4o,1,6.818191696955674
3261,gpt4o,1,8.854885152315466
3262,gpt4o,1,6.70646625961355
3263,gpt4o,1,7.54632774026054
3264,gpt4o,1,5.4015457179671955
3265,gpt4o,1,6.370325700343465
3266,gpt4o,1,7.280692147237857
3267,gpt4o,1,4.664287742404533
3268,gpt4o,1,7.14828377995187
3269,gpt4o,1,6.042841556930175
3270,gpt4o,1,2.5766916792284844
3271,gpt4o,1,5.421487360008348
3272,gpt4o,1,4.6843133742170195
3273,gpt4o,1,9.508740895531659
3274,gpt4o,1,8.143843011093553
3275,gpt4o,1,6.309213498292227
3276,gpt4o,1,3.758500049009631
3277,gpt4o,1,3.507609337652997
3278,gpt4o,1,1.1726157572681284
3279,gpt4o,1,7.319070561108911
3280,gpt4o,1,7.348513331333549
3281,gpt4o,1,3.778114128826769
3282,gpt4o,1,3.8143454693442487
3283,gpt4o,1,4.852662013022219
3284,gpt4o,1,3.3080360346876647
3285,gpt4o,1,6.4678832395214725
3286,gpt4o,1,3.8152388544748326
3287,gpt4o,1,4.769013739222196
3288,gpt4o,1,6.007586545422328
3289,gpt4o,1,6.797947597378014
3290,gpt4o,1,3.3384989370811984
3291,gpt4o,1,6.0306601483851825
3292,gpt4o,1,4.3632169763969
3293,gpt4o,1,2.36179855113331
3294,gpt4o,1,5.822576038135562
3295,gpt4o,1,4.376802787267274
3296,gpt4o,1,5.58535099241133
3297,gpt4o,1,4.415137933594424
3298,gpt4o,1,3.675669516775292
3299,gpt4o,1,6.722275452169736
3300,gpt4o,1,6.43485347482127
3301,gpt4o,1,4.637399509838404
3302,gpt4o,1,8.893489699684563
3303,gpt4o,1,5.967373622459772
3304,gpt4o,1,0.0010328605166818328
3305,gpt4o,1,6.900207873783095
3306,gpt4o,1,8.984217559629128
3307,gpt4o,1,9.606149062561954
3308,gpt4o,1,7.6551103161693295
3309,gpt4o,1,3.894655471693179
3310,gpt4o,1,4.700871001707354
3311,gpt4o,1,1.953367574025396
3312,gpt4o,1,4.2281423510880085
3313,gpt4o,1,4.720346986603491
3314,gpt4o,1,4.625039335725338
3315,gpt4o,1,5.703171716659229
3316,gpt4o,1,5.884532980164013
3317,gpt4o,1,6.166712045041434
3318,gpt4o,1,3.2219323509265734
3319,gpt4o,1,4.97692000582445
3320,gpt4o,1,4.986981054961378
3321,gpt4o,1,4.795957786874441
3322,gpt4o,1,6.973997411770084
3323,gpt4o,1,0.9729449233495819
3324,gpt4o,1,3.881339718083638
3325,gpt4o,1,4.447352089976973
3326,gpt4o,1,5.914653926902339
3327,gpt4o,1,4.269263324795185
3328,gpt4o,1,5.823975362413081
3329,gpt4o,1,3.998230224491796
3330,gpt4o,1,4.593582188431557
3331,gpt4o,1,6.446418037695564
3332,gpt4o,1,4.797597225617364
3333,gpt4o,1,3.11926646431821
3334,gpt4o,1,1.05950776321544
3335,gpt4o,1,7.524837694118154
3336,gpt4o,1,1.9142183209970864
3337,gpt4o,1,4.597718780795582
3338,gpt4o,1,2.4829351154774395
3339,gpt4o,1,5.035034165702606
3340,gpt4o,1,6.377347568754736
3341,gpt4o,1,5.1781747363051664
3342,gpt4o,1,5.950982432194972
3343,gpt4o,1,6.521423158860902
3344,gpt4o,1,4.068829382976185
3345,gpt4o,1,3.3868941667557415
3346,gpt4o,1,4.531041613487885
3347,gpt4o,1,4.965635378970366
3348,gpt4o,1,6.44088656721206
3349,gpt4o,1,4.229050131491362
3350,gpt4o,1,4.8511856557841115
3351,gpt4o,1,6.901647921822036
3352,gpt4o,1,5.0827445213736535
3353,gpt4o,1,5.5462711531251285
3354,gpt4o,1,3.7149306108151756
3355,gpt4o,1,3.9471299021691584
3356,gpt4o,1,3.9681504165136703
3357,gpt4o,1,0.7991793676461093
3358,gpt4o,1,6.15614471763491
3359,gpt4o,1,4.8949047339971266
3360,gpt4o,1,4.67162354260362
3361,gpt4o,1,4.451715641929165
3362,gpt4o,1,7.518335551764008
3363,gpt4o,1,7.73019246322016
3364,gpt4o,1,6.4967587442198
3365,gpt4o,1,2.120208861999402
3366,gpt4o,1,5.474257764577123
3367,gpt4o,1,7.410482592648436
3368,gpt4o,1,3.536467699628459
3369,gpt4o,1,5.061431557741297
3370,gpt4o,1,5.438114958857834
3371,gpt4o,1,4.676059993628694
3372,gpt4o,1,6.378577307921308
3373,gpt4o,1,3.6337723428373243
3374,gpt4o,1,4.9333571936029434
3375,gpt4o,1,5.465131668155401
3376,gpt4o,1,4.1131199978385355
3377,gpt4o,1,5.631425007377316
3378,gpt4o,1,7.516583668697817
3379,gpt4o,1,4.27995400768822
3380,gpt4o,1,3.192646420819618
3381,gpt4o,1,5.304100318397219
3382,gpt4o,1,6.275791041891414
3383,gpt4o,1,4.346594639693905
3384,gpt4o,1,8.872148827065498
3385,gpt4o,1,2.4227445220517936
3386,gpt4o,1,9.474436878605875
3387,gpt4o,1,4.318987736256217
3388,gpt4o,1,4.938015557889705
3389,gpt4o,1,2.9284102339451836
3390,gpt4o,1,9.088620371745405
3391,gpt4o,1,3.9416245836131676
3392,gpt4o,1,5.883002544051876
3393,gpt4o,1,2.4639332959919327
3394,gpt4o,1,4.953254971342745
3395,gpt4o,1,0.4846396564730562
3396,gpt4o,1,5.309034145092181
3397,gpt4o,1,3.490187472183766
3398,gpt4o,1,5.405235068062973
3399,gpt4o,1,3.7504693005957486
3400,gpt4o,1,5.178531513267302
3401,gpt4o,1,5.095104568453909
3402,gpt4o,1,5.112756385342457
3403,gpt4o,1,4.9195447602493125
3404,gpt4o,1,3.830951266708308
3405,gpt4o,1,4.790004814118027
3406,gpt4o,1,4.5465181236657894
3407,gpt4o,1,3.2736336167265643
3408,gpt4o,1,6.2193995402691336
3409,gpt4o,1,6.480936791636673
3410,gpt4o,1,2.1319642066090445
3411,gpt4o,1,6.817273473327393
3412,gpt4o,1,-0.32130386202414546
3413,gpt4o,1,8.892139694548987
3414,gpt4o,1,2.9404267227130836
3415,gpt4o,1,5.910644835051438
3416,gpt4o,1,6.16081094525466
3417,gpt4o,1,3.6883907005201713
3418,gpt4o,1,2.787501929684419
3419,gpt4o,1,3.235113408870038
3420,gpt4o,1,1.948167180953553
3421,gpt4o,1,5.313692065252527
3422,gpt4o,1,7.555329412099553
3423,gpt4o,1,3.2162034331674367
3424,gpt4o,1,5.560211032549186
3425,gpt4o,1,5.010232694305798
3426,gpt4o,1,6.352619823008994
3427,gpt4o,1,4.919078742138549
3428,gpt4o,1,6.105100496695602
3429,gpt4o,1,3.8304607851572623
3430,gpt4o,1,4.708940071070338
3431,gpt4o,1,6.322584146093948
3432,gpt4o,1,7.6327105900572185
3433,gpt4o,1,6.996755624247564
3434,gpt4o,1,5.394117091170551
3435,gpt4o,1,7.603860744981968
3436,gpt4o,1,0.6328565187667909
3437,gpt4o,1,2.7578689473616085
3438,gpt4o,1,-1.542766477618992
3439,gpt4o,1,5.506051573408859
3440,gpt4o,1,5.214843855625186
3441,gpt4o,1,3.655899687299327
3442,gpt4o,1,7.9274072994536064
3443,gpt4o,1,5.844293840366544
3444,gpt4o,1,6.095472494755683
3445,gpt4o,1,5.832704330622612
3446,gpt4o,1,3.949859692539998
3447,gpt4o,1,3.0034461134747232
3448,gpt4o,1,7.331047575446621
3449,gpt4o,1,5.442157260573503
3450,gpt4o,1,6.888402233371829
3451,gpt4o,1,3.3449939506648088
3452,gpt4o,1,0.5093450191073272
3453,gpt4o,1,2.4023232754256556
3454,gpt4o,1,4.243373935973733
3455,gpt4o,1,4.6741174974829764
3456,gpt4o,1,7.626264658331855
3457,gpt4o,1,2.75416203873429
3458,gpt4o,1,9.550096379697699
3459,gpt4o,1,5.46774790892329
3460,gpt4o,1,5.579919900592207
3461,gpt4o,1,3.8003351630329916
3462,gpt4o,1,5.7552268379633125
3463,gpt4o,1,5.988903202691669
3464,gpt4o,1,8.913281011980263
3465,gpt4o,1,4.732327536449336
3466,gpt4o,1,5.316978798926008
3467,gpt4o,1,3.0666543578561685
3468,gpt4o,1,6.388159271250143
3469,gpt4o,1,7.022493210677128
3470,gpt4o,1,7.323294835586592
3471,gpt4o,1,5.2978169802236765
3472,gpt4o,1,6.034950290846925
3473,gpt4o,1,5.725887312036066
3474,gpt4o,1,7.2506721684469095
3475,gpt4o,1,1.889487484669581
3476,gpt4o,1,3.2649930656069492
3477,gpt4o,1,5.708890420315985
3478,gpt4o,1,7.4120908233947
3479,gpt4o,1,5.519979957806903
3480,gpt4o,1,3.27363208532815
3481,gpt4o,1,4.068807391168182
3482,gpt4o,1,6.109354704369252
3483,gpt4o,1,5.811304650993129
3484,gpt4o,1,7.1120246732164984
3485,gpt4o,1,6.116145863623321
3486,gpt4o,1,3.3220774577404395
3487,gpt4o,1,6.967480886472068
3488,gpt4o,1,4.4481957535460594
3489,gpt4o,1,3.9193936486886676
3490,gpt4o,1,4.54755214842958
3491,gpt4o,1,7.27776830475879
3492,gpt4o,1,5.871089366854207
3493,gpt4o,1,7.182792006685137
3494,gpt4o,1,7.056147806642257
3495,gpt4o,1,7.695006788564972
3496,gpt4o,1,5.3039765281266416
3497,gpt4o,1,4.079543952368811
3498,gpt4o,1,4.6009479017553865
3499,gpt4o,1,4.391594562590482
3500,gpt4o,1,6.202166309606113
3501,gpt4o,1,7.175507535033992
3502,gpt4o,1,6.970454164402031
3503,gpt4o,1,5.200644753324762
3504,gpt4o,1,4.556957177177749
3505,gpt4o,1,2.8643634899030106
3506,gpt4o,1,6.143707179838278
3507,gpt4o,1,1.5506337994656636
3508,gpt4o,1,3.9448970380577277
3509,gpt4o,1,4.756476322625535
3510,gpt4o,1,-0.18560887341381588
3511,gpt4o,1,3.9902464980224392
3512,gpt4o,1,7.393825194423402
3513,gpt4o,1,8.035762354736395
3514,gpt4o,1,10.6316967925976
3515,gpt4o,1,6.31252232024192
3516,gpt4o,1,5.246535013251087
3517,gpt4o,1,5.801686931476739
3518,gpt4o,1,6.051039384903778
3519,gpt4o,1,5.146231496653508
3520,gpt4o,1,3.8238015370066503
3521,gpt4o,1,4.7903963026986185
3522,gpt4o,1,4.965900544439334
3523,gpt4o,1,6.2544163280764
3524,gpt4o,1,4.388743658555907
3525,gpt4o,1,5.67187190671616
3526,gpt4o,1,4.852603321760408
3527,gpt4o,1,4.793711361921354
3528,gpt4o,1,5.357258532621913
3529,gpt4o,1,6.375978806126453
3530,gpt4o,1,7.8841291052397215
3531,gpt4o,1,4.78771448669558
3532,gpt4o,1,6.497105449802003
3533,gpt4o,1,2.9927259429880495
3534,gpt4o,1,5.925862861847159
3535,gpt4o,1,7.161104807378178
3536,gpt4o,1,5.7666372907977586
3537,gpt4o,1,8.859648939497662
3538,gpt4o,1,5.039228642673099
3539,gpt4o,1,2.9351910801500507
3540,gpt4o,1,6.312983612819211
3541,gpt4o,1,2.7661628595868097
3542,gpt4o,1,5.143647414202637
3543,gpt4o,1,6.862802119993226
3544,gpt4o,1,-0.7005449213372882
3545,gpt4o,1,3.6803790383291135
3546,gpt4o,1,5.355012701978357
3547,gpt4o,1,5.1244465650116275
3548,gpt4o,1,6.5323955468690835
3549,gpt4o,1,6.501010061585235
3550,gpt4o,1,6.305427838051269
3551,gpt4o,1,4.018012041142254
3552,gpt4o,1,5.279791627471947
3553,gpt4o,1,3.280629078710528
3554,gpt4o,1,3.710346759842801
3555,gpt4o,1,7.258049525988992
3556,gpt4o,1,7.709945981209149
3557,gpt4o,1,9.239019330100094
3558,gpt4o,1,9.382988758918941
3559,gpt4o,1,4.478213811671851
3560,gpt4o,1,5.519798518610608
3561,gpt4o,1,6.1625654765275755
